# GalakasMidCity_CornerHouseTall_W06D06_F01_R01U01x2L01_A01
mtllib GalakasMidCity_CornerHouseTall_W06D06_F01_R01U01x2L01_A01.mtl
v -6.27500 0.00000 -6.27500
v 6.27500 0.00000 -6.27500
v 6.27500 0.36000 -6.27500
v -6.27500 0.36000 -6.27500
v -6.27500 0.00000 6.27500
v 6.27500 0.00000 6.27500
v 6.27500 0.36000 6.27500
v -6.27500 0.36000 6.27500
v -6.17500 0.36000 -6.17500
v 6.17500 0.36000 -6.17500
v 6.17500 0.72000 -6.17500
v -6.17500 0.72000 -6.17500
v -6.17500 0.36000 6.17500
v 6.17500 0.36000 6.17500
v 6.17500 0.72000 6.17500
v -6.17500 0.72000 6.17500
v -5.89200 0.70000 -6.37000
v -4.90800 0.70000 -6.37000
v -4.90800 0.88000 -6.37000
v -5.89200 0.88000 -6.37000
v -5.89200 0.70000 -6.29000
v -4.90800 0.70000 -6.29000
v -4.90800 0.88000 -6.29000
v -5.89200 0.88000 -6.29000
v -4.69200 0.70000 -6.37000
v -3.70800 0.70000 -6.37000
v -3.70800 0.88000 -6.37000
v -4.69200 0.88000 -6.37000
v -4.69200 0.70000 -6.29000
v -3.70800 0.70000 -6.29000
v -3.70800 0.88000 -6.29000
v -4.69200 0.88000 -6.29000
v -3.49200 0.70000 -6.37000
v -2.50800 0.70000 -6.37000
v -2.50800 0.88000 -6.37000
v -3.49200 0.88000 -6.37000
v -3.49200 0.70000 -6.29000
v -2.50800 0.70000 -6.29000
v -2.50800 0.88000 -6.29000
v -3.49200 0.88000 -6.29000
v -2.29200 0.70000 -6.37000
v -1.30800 0.70000 -6.37000
v -1.30800 0.88000 -6.37000
v -2.29200 0.88000 -6.37000
v -2.29200 0.70000 -6.29000
v -1.30800 0.70000 -6.29000
v -1.30800 0.88000 -6.29000
v -2.29200 0.88000 -6.29000
v -1.09200 0.70000 -6.37000
v -0.10800 0.70000 -6.37000
v -0.10800 0.88000 -6.37000
v -1.09200 0.88000 -6.37000
v -1.09200 0.70000 -6.29000
v -0.10800 0.70000 -6.29000
v -0.10800 0.88000 -6.29000
v -1.09200 0.88000 -6.29000
v 0.10800 0.70000 -6.37000
v 1.09200 0.70000 -6.37000
v 1.09200 0.88000 -6.37000
v 0.10800 0.88000 -6.37000
v 0.10800 0.70000 -6.29000
v 1.09200 0.70000 -6.29000
v 1.09200 0.88000 -6.29000
v 0.10800 0.88000 -6.29000
v 1.30800 0.70000 -6.37000
v 2.29200 0.70000 -6.37000
v 2.29200 0.88000 -6.37000
v 1.30800 0.88000 -6.37000
v 1.30800 0.70000 -6.29000
v 2.29200 0.70000 -6.29000
v 2.29200 0.88000 -6.29000
v 1.30800 0.88000 -6.29000
v 2.50800 0.70000 -6.37000
v 3.49200 0.70000 -6.37000
v 3.49200 0.88000 -6.37000
v 2.50800 0.88000 -6.37000
v 2.50800 0.70000 -6.29000
v 3.49200 0.70000 -6.29000
v 3.49200 0.88000 -6.29000
v 2.50800 0.88000 -6.29000
v 3.70800 0.70000 -6.37000
v 4.69200 0.70000 -6.37000
v 4.69200 0.88000 -6.37000
v 3.70800 0.88000 -6.37000
v 3.70800 0.70000 -6.29000
v 4.69200 0.70000 -6.29000
v 4.69200 0.88000 -6.29000
v 3.70800 0.88000 -6.29000
v 4.90800 0.70000 -6.37000
v 5.89200 0.70000 -6.37000
v 5.89200 0.88000 -6.37000
v 4.90800 0.88000 -6.37000
v 4.90800 0.70000 -6.29000
v 5.89200 0.70000 -6.29000
v 5.89200 0.88000 -6.29000
v 4.90800 0.88000 -6.29000
v -5.89200 0.70000 6.29000
v -4.90800 0.70000 6.29000
v -4.90800 0.88000 6.29000
v -5.89200 0.88000 6.29000
v -5.89200 0.70000 6.37000
v -4.90800 0.70000 6.37000
v -4.90800 0.88000 6.37000
v -5.89200 0.88000 6.37000
v -4.69200 0.70000 6.29000
v -3.70800 0.70000 6.29000
v -3.70800 0.88000 6.29000
v -4.69200 0.88000 6.29000
v -4.69200 0.70000 6.37000
v -3.70800 0.70000 6.37000
v -3.70800 0.88000 6.37000
v -4.69200 0.88000 6.37000
v -3.49200 0.70000 6.29000
v -2.50800 0.70000 6.29000
v -2.50800 0.88000 6.29000
v -3.49200 0.88000 6.29000
v -3.49200 0.70000 6.37000
v -2.50800 0.70000 6.37000
v -2.50800 0.88000 6.37000
v -3.49200 0.88000 6.37000
v -2.29200 0.70000 6.29000
v -1.30800 0.70000 6.29000
v -1.30800 0.88000 6.29000
v -2.29200 0.88000 6.29000
v -2.29200 0.70000 6.37000
v -1.30800 0.70000 6.37000
v -1.30800 0.88000 6.37000
v -2.29200 0.88000 6.37000
v -1.09200 0.70000 6.29000
v -0.10800 0.70000 6.29000
v -0.10800 0.88000 6.29000
v -1.09200 0.88000 6.29000
v -1.09200 0.70000 6.37000
v -0.10800 0.70000 6.37000
v -0.10800 0.88000 6.37000
v -1.09200 0.88000 6.37000
v 0.10800 0.70000 6.29000
v 1.09200 0.70000 6.29000
v 1.09200 0.88000 6.29000
v 0.10800 0.88000 6.29000
v 0.10800 0.70000 6.37000
v 1.09200 0.70000 6.37000
v 1.09200 0.88000 6.37000
v 0.10800 0.88000 6.37000
v 1.30800 0.70000 6.29000
v 2.29200 0.70000 6.29000
v 2.29200 0.88000 6.29000
v 1.30800 0.88000 6.29000
v 1.30800 0.70000 6.37000
v 2.29200 0.70000 6.37000
v 2.29200 0.88000 6.37000
v 1.30800 0.88000 6.37000
v 2.50800 0.70000 6.29000
v 3.49200 0.70000 6.29000
v 3.49200 0.88000 6.29000
v 2.50800 0.88000 6.29000
v 2.50800 0.70000 6.37000
v 3.49200 0.70000 6.37000
v 3.49200 0.88000 6.37000
v 2.50800 0.88000 6.37000
v 3.70800 0.70000 6.29000
v 4.69200 0.70000 6.29000
v 4.69200 0.88000 6.29000
v 3.70800 0.88000 6.29000
v 3.70800 0.70000 6.37000
v 4.69200 0.70000 6.37000
v 4.69200 0.88000 6.37000
v 3.70800 0.88000 6.37000
v 4.90800 0.70000 6.29000
v 5.89200 0.70000 6.29000
v 5.89200 0.88000 6.29000
v 4.90800 0.88000 6.29000
v 4.90800 0.70000 6.37000
v 5.89200 0.70000 6.37000
v 5.89200 0.88000 6.37000
v 4.90800 0.88000 6.37000
v -6.37000 0.70000 -5.89200
v -6.29000 0.70000 -5.89200
v -6.29000 0.88000 -5.89200
v -6.37000 0.88000 -5.89200
v -6.37000 0.70000 -4.90800
v -6.29000 0.70000 -4.90800
v -6.29000 0.88000 -4.90800
v -6.37000 0.88000 -4.90800
v -6.37000 0.70000 -4.69200
v -6.29000 0.70000 -4.69200
v -6.29000 0.88000 -4.69200
v -6.37000 0.88000 -4.69200
v -6.37000 0.70000 -3.70800
v -6.29000 0.70000 -3.70800
v -6.29000 0.88000 -3.70800
v -6.37000 0.88000 -3.70800
v -6.37000 0.70000 -3.49200
v -6.29000 0.70000 -3.49200
v -6.29000 0.88000 -3.49200
v -6.37000 0.88000 -3.49200
v -6.37000 0.70000 -2.50800
v -6.29000 0.70000 -2.50800
v -6.29000 0.88000 -2.50800
v -6.37000 0.88000 -2.50800
v -6.37000 0.70000 -2.29200
v -6.29000 0.70000 -2.29200
v -6.29000 0.88000 -2.29200
v -6.37000 0.88000 -2.29200
v -6.37000 0.70000 -1.30800
v -6.29000 0.70000 -1.30800
v -6.29000 0.88000 -1.30800
v -6.37000 0.88000 -1.30800
v -6.37000 0.70000 -1.09200
v -6.29000 0.70000 -1.09200
v -6.29000 0.88000 -1.09200
v -6.37000 0.88000 -1.09200
v -6.37000 0.70000 -0.10800
v -6.29000 0.70000 -0.10800
v -6.29000 0.88000 -0.10800
v -6.37000 0.88000 -0.10800
v -6.37000 0.70000 0.10800
v -6.29000 0.70000 0.10800
v -6.29000 0.88000 0.10800
v -6.37000 0.88000 0.10800
v -6.37000 0.70000 1.09200
v -6.29000 0.70000 1.09200
v -6.29000 0.88000 1.09200
v -6.37000 0.88000 1.09200
v -6.37000 0.70000 1.30800
v -6.29000 0.70000 1.30800
v -6.29000 0.88000 1.30800
v -6.37000 0.88000 1.30800
v -6.37000 0.70000 2.29200
v -6.29000 0.70000 2.29200
v -6.29000 0.88000 2.29200
v -6.37000 0.88000 2.29200
v -6.37000 0.70000 2.50800
v -6.29000 0.70000 2.50800
v -6.29000 0.88000 2.50800
v -6.37000 0.88000 2.50800
v -6.37000 0.70000 3.49200
v -6.29000 0.70000 3.49200
v -6.29000 0.88000 3.49200
v -6.37000 0.88000 3.49200
v -6.37000 0.70000 3.70800
v -6.29000 0.70000 3.70800
v -6.29000 0.88000 3.70800
v -6.37000 0.88000 3.70800
v -6.37000 0.70000 4.69200
v -6.29000 0.70000 4.69200
v -6.29000 0.88000 4.69200
v -6.37000 0.88000 4.69200
v -6.37000 0.70000 4.90800
v -6.29000 0.70000 4.90800
v -6.29000 0.88000 4.90800
v -6.37000 0.88000 4.90800
v -6.37000 0.70000 5.89200
v -6.29000 0.70000 5.89200
v -6.29000 0.88000 5.89200
v -6.37000 0.88000 5.89200
v 6.29000 0.70000 -5.89200
v 6.37000 0.70000 -5.89200
v 6.37000 0.88000 -5.89200
v 6.29000 0.88000 -5.89200
v 6.29000 0.70000 -4.90800
v 6.37000 0.70000 -4.90800
v 6.37000 0.88000 -4.90800
v 6.29000 0.88000 -4.90800
v 6.29000 0.70000 -4.69200
v 6.37000 0.70000 -4.69200
v 6.37000 0.88000 -4.69200
v 6.29000 0.88000 -4.69200
v 6.29000 0.70000 -3.70800
v 6.37000 0.70000 -3.70800
v 6.37000 0.88000 -3.70800
v 6.29000 0.88000 -3.70800
v 6.29000 0.70000 -3.49200
v 6.37000 0.70000 -3.49200
v 6.37000 0.88000 -3.49200
v 6.29000 0.88000 -3.49200
v 6.29000 0.70000 -2.50800
v 6.37000 0.70000 -2.50800
v 6.37000 0.88000 -2.50800
v 6.29000 0.88000 -2.50800
v 6.29000 0.70000 -2.29200
v 6.37000 0.70000 -2.29200
v 6.37000 0.88000 -2.29200
v 6.29000 0.88000 -2.29200
v 6.29000 0.70000 -1.30800
v 6.37000 0.70000 -1.30800
v 6.37000 0.88000 -1.30800
v 6.29000 0.88000 -1.30800
v 6.29000 0.70000 -1.09200
v 6.37000 0.70000 -1.09200
v 6.37000 0.88000 -1.09200
v 6.29000 0.88000 -1.09200
v 6.29000 0.70000 -0.10800
v 6.37000 0.70000 -0.10800
v 6.37000 0.88000 -0.10800
v 6.29000 0.88000 -0.10800
v 6.29000 0.70000 0.10800
v 6.37000 0.70000 0.10800
v 6.37000 0.88000 0.10800
v 6.29000 0.88000 0.10800
v 6.29000 0.70000 1.09200
v 6.37000 0.70000 1.09200
v 6.37000 0.88000 1.09200
v 6.29000 0.88000 1.09200
v 6.29000 0.70000 1.30800
v 6.37000 0.70000 1.30800
v 6.37000 0.88000 1.30800
v 6.29000 0.88000 1.30800
v 6.29000 0.70000 2.29200
v 6.37000 0.70000 2.29200
v 6.37000 0.88000 2.29200
v 6.29000 0.88000 2.29200
v 6.29000 0.70000 2.50800
v 6.37000 0.70000 2.50800
v 6.37000 0.88000 2.50800
v 6.29000 0.88000 2.50800
v 6.29000 0.70000 3.49200
v 6.37000 0.70000 3.49200
v 6.37000 0.88000 3.49200
v 6.29000 0.88000 3.49200
v 6.29000 0.70000 3.70800
v 6.37000 0.70000 3.70800
v 6.37000 0.88000 3.70800
v 6.29000 0.88000 3.70800
v 6.29000 0.70000 4.69200
v 6.37000 0.70000 4.69200
v 6.37000 0.88000 4.69200
v 6.29000 0.88000 4.69200
v 6.29000 0.70000 4.90800
v 6.37000 0.70000 4.90800
v 6.37000 0.88000 4.90800
v 6.29000 0.88000 4.90800
v 6.29000 0.70000 5.89200
v 6.37000 0.70000 5.89200
v 6.37000 0.88000 5.89200
v 6.29000 0.88000 5.89200
v -6.00000 0.72000 -6.18000
v -1.37500 0.72000 -6.18000
v -1.37500 5.52000 -6.18000
v -6.00000 5.52000 -6.18000
v -6.00000 0.72000 -6.00000
v -1.37500 0.72000 -6.00000
v -1.37500 5.52000 -6.00000
v -6.00000 5.52000 -6.00000
v 1.37500 0.72000 -6.18000
v 6.00000 0.72000 -6.18000
v 6.00000 5.52000 -6.18000
v 1.37500 5.52000 -6.18000
v 1.37500 0.72000 -6.00000
v 6.00000 0.72000 -6.00000
v 6.00000 5.52000 -6.00000
v 1.37500 5.52000 -6.00000
v -1.37500 4.07000 -6.18000
v 1.37500 4.07000 -6.18000
v 1.37500 5.07000 -6.18000
v -1.37500 5.07000 -6.18000
v -1.37500 4.07000 -6.00000
v 1.37500 4.07000 -6.00000
v 1.37500 5.07000 -6.00000
v -1.37500 5.07000 -6.00000
v -0.92500 0.90000 -6.28000
v 0.92500 0.90000 -6.28000
v 0.92500 4.25000 -6.28000
v -0.92500 4.25000 -6.28000
v -0.92500 0.90000 -6.12000
v 0.92500 0.90000 -6.12000
v 0.92500 4.25000 -6.12000
v -0.92500 4.25000 -6.12000
v -0.87320 1.00050 -6.31000
v -0.60680 1.00050 -6.31000
v -0.60680 4.14950 -6.31000
v -0.87320 4.14950 -6.31000
v -0.87320 1.00050 -6.27000
v -0.60680 1.00050 -6.27000
v -0.60680 4.14950 -6.27000
v -0.87320 4.14950 -6.27000
v -0.50320 1.00050 -6.31000
v -0.23680 1.00050 -6.31000
v -0.23680 4.14950 -6.31000
v -0.50320 4.14950 -6.31000
v -0.50320 1.00050 -6.27000
v -0.23680 1.00050 -6.27000
v -0.23680 4.14950 -6.27000
v -0.50320 4.14950 -6.27000
v -0.13320 1.00050 -6.31000
v 0.13320 1.00050 -6.31000
v 0.13320 4.14950 -6.31000
v -0.13320 4.14950 -6.31000
v -0.13320 1.00050 -6.27000
v 0.13320 1.00050 -6.27000
v 0.13320 4.14950 -6.27000
v -0.13320 4.14950 -6.27000
v 0.23680 1.00050 -6.31000
v 0.50320 1.00050 -6.31000
v 0.50320 4.14950 -6.31000
v 0.23680 4.14950 -6.31000
v 0.23680 1.00050 -6.27000
v 0.50320 1.00050 -6.27000
v 0.50320 4.14950 -6.27000
v 0.23680 4.14950 -6.27000
v 0.60680 1.00050 -6.31000
v 0.87320 1.00050 -6.31000
v 0.87320 4.14950 -6.31000
v 0.60680 4.14950 -6.31000
v 0.60680 1.00050 -6.27000
v 0.87320 1.00050 -6.27000
v 0.87320 4.14950 -6.27000
v 0.60680 4.14950 -6.27000
v -1.12500 0.74000 -6.36000
v -0.94500 0.74000 -6.36000
v -0.94500 4.41000 -6.36000
v -1.12500 4.41000 -6.36000
v -1.12500 0.74000 -6.08000
v -0.94500 0.74000 -6.08000
v -0.94500 4.41000 -6.08000
v -1.12500 4.41000 -6.08000
v 0.94500 0.74000 -6.36000
v 1.12500 0.74000 -6.36000
v 1.12500 4.41000 -6.36000
v 0.94500 4.41000 -6.36000
v 0.94500 0.74000 -6.08000
v 1.12500 0.74000 -6.08000
v 1.12500 4.41000 -6.08000
v 0.94500 4.41000 -6.08000
v -1.20000 4.25000 -6.36000
v 1.20000 4.25000 -6.36000
v 1.20000 4.47000 -6.36000
v -1.20000 4.47000 -6.36000
v -1.20000 4.25000 -6.08000
v 1.20000 4.25000 -6.08000
v 1.20000 4.47000 -6.08000
v -1.20000 4.47000 -6.08000
v -0.79550 1.65000 -6.39000
v 0.79550 1.65000 -6.39000
v 0.79550 1.75000 -6.39000
v -0.79550 1.75000 -6.39000
v -0.79550 1.65000 -6.31000
v 0.79550 1.65000 -6.31000
v 0.79550 1.75000 -6.31000
v -0.79550 1.75000 -6.31000
v -0.79550 2.59200 -6.39000
v 0.79550 2.59200 -6.39000
v 0.79550 2.69200 -6.39000
v -0.79550 2.69200 -6.39000
v -0.79550 2.59200 -6.31000
v 0.79550 2.59200 -6.31000
v 0.79550 2.69200 -6.31000
v -0.79550 2.69200 -6.31000
v -0.79550 3.65000 -6.39000
v 0.79550 3.65000 -6.39000
v 0.79550 3.75000 -6.39000
v -0.79550 3.75000 -6.39000
v -0.79550 3.65000 -6.31000
v 0.79550 3.65000 -6.31000
v 0.79550 3.75000 -6.31000
v -0.79550 3.75000 -6.31000
v -1.16500 1.57000 -6.44500
v -1.16500 2.13000 -6.44500
v -1.19750 1.57000 -6.43629
v -1.19750 2.13000 -6.43629
v -1.22129 1.57000 -6.41250
v -1.22129 2.13000 -6.41250
v -1.23000 1.57000 -6.38000
v -1.23000 2.13000 -6.38000
v -1.22129 1.57000 -6.34750
v -1.22129 2.13000 -6.34750
v -1.19750 1.57000 -6.32371
v -1.19750 2.13000 -6.32371
v -1.16500 1.57000 -6.31500
v -1.16500 2.13000 -6.31500
v -1.13250 1.57000 -6.32371
v -1.13250 2.13000 -6.32371
v -1.10871 1.57000 -6.34750
v -1.10871 2.13000 -6.34750
v -1.10000 1.57000 -6.38000
v -1.10000 2.13000 -6.38000
v -1.10871 1.57000 -6.41250
v -1.10871 2.13000 -6.41250
v -1.13250 1.57000 -6.43629
v -1.13250 2.13000 -6.43629
v -1.16500 3.17000 -6.44500
v -1.16500 3.73000 -6.44500
v -1.19750 3.17000 -6.43629
v -1.19750 3.73000 -6.43629
v -1.22129 3.17000 -6.41250
v -1.22129 3.73000 -6.41250
v -1.23000 3.17000 -6.38000
v -1.23000 3.73000 -6.38000
v -1.22129 3.17000 -6.34750
v -1.22129 3.73000 -6.34750
v -1.19750 3.17000 -6.32371
v -1.19750 3.73000 -6.32371
v -1.16500 3.17000 -6.31500
v -1.16500 3.73000 -6.31500
v -1.13250 3.17000 -6.32371
v -1.13250 3.73000 -6.32371
v -1.10871 3.17000 -6.34750
v -1.10871 3.73000 -6.34750
v -1.10000 3.17000 -6.38000
v -1.10000 3.73000 -6.38000
v -1.10871 3.17000 -6.41250
v -1.10871 3.73000 -6.41250
v -1.13250 3.17000 -6.43629
v -1.13250 3.73000 -6.43629
v 0.55500 2.72200 -6.42000
v 0.55500 2.72200 -6.42000
v 0.55500 2.72200 -6.42000
v 0.55500 2.72200 -6.42000
v 0.55500 2.72200 -6.42000
v 0.55500 2.72200 -6.42000
v 0.55500 2.72200 -6.42000
v 0.55500 2.72200 -6.42000
v 0.55500 2.72200 -6.42000
v 0.55500 2.72200 -6.42000
v 0.55500 2.72200 -6.42000
v 0.55500 2.72200 -6.42000
v 0.60202 2.70672 -6.42000
v 0.59572 2.70672 -6.39649
v 0.57851 2.70672 -6.37928
v 0.55500 2.70672 -6.37298
v 0.53149 2.70672 -6.37928
v 0.51428 2.70672 -6.39649
v 0.50798 2.70672 -6.42000
v 0.51428 2.70672 -6.44351
v 0.53149 2.70672 -6.46072
v 0.55500 2.70672 -6.46702
v 0.57851 2.70672 -6.46072
v 0.59572 2.70672 -6.44351
v 0.63108 2.66672 -6.42000
v 0.62089 2.66672 -6.38196
v 0.59304 2.66672 -6.35411
v 0.55500 2.66672 -6.34392
v 0.51696 2.66672 -6.35411
v 0.48911 2.66672 -6.38196
v 0.47892 2.66672 -6.42000
v 0.48911 2.66672 -6.45804
v 0.51696 2.66672 -6.48589
v 0.55500 2.66672 -6.49608
v 0.59304 2.66672 -6.48589
v 0.62089 2.66672 -6.45804
v 0.63108 2.61728 -6.42000
v 0.62089 2.61728 -6.38196
v 0.59304 2.61728 -6.35411
v 0.55500 2.61728 -6.34392
v 0.51696 2.61728 -6.35411
v 0.48911 2.61728 -6.38196
v 0.47892 2.61728 -6.42000
v 0.48911 2.61728 -6.45804
v 0.51696 2.61728 -6.48589
v 0.55500 2.61728 -6.49608
v 0.59304 2.61728 -6.48589
v 0.62089 2.61728 -6.45804
v 0.60202 2.57728 -6.42000
v 0.59572 2.57728 -6.39649
v 0.57851 2.57728 -6.37928
v 0.55500 2.57728 -6.37298
v 0.53149 2.57728 -6.37928
v 0.51428 2.57728 -6.39649
v 0.50798 2.57728 -6.42000
v 0.51428 2.57728 -6.44351
v 0.53149 2.57728 -6.46072
v 0.55500 2.57728 -6.46702
v 0.57851 2.57728 -6.46072
v 0.59572 2.57728 -6.44351
v 0.55500 2.56200 -6.42000
v 0.55500 2.56200 -6.42000
v 0.55500 2.56200 -6.42000
v 0.55500 2.56200 -6.42000
v 0.55500 2.56200 -6.42000
v 0.55500 2.56200 -6.42000
v 0.55500 2.56200 -6.42000
v 0.55500 2.56200 -6.42000
v 0.55500 2.56200 -6.42000
v 0.55500 2.56200 -6.42000
v 0.55500 2.56200 -6.42000
v 0.55500 2.56200 -6.42000
v -6.00000 0.72000 6.00000
v 6.00000 0.72000 6.00000
v 6.00000 5.52000 6.00000
v -6.00000 5.52000 6.00000
v -6.00000 0.72000 6.18000
v 6.00000 0.72000 6.18000
v 6.00000 5.52000 6.18000
v -6.00000 5.52000 6.18000
v -6.18000 0.72000 -6.00000
v -6.00000 0.72000 -6.00000
v -6.00000 5.52000 -6.00000
v -6.18000 5.52000 -6.00000
v -6.18000 0.72000 6.00000
v -6.00000 0.72000 6.00000
v -6.00000 5.52000 6.00000
v -6.18000 5.52000 6.00000
v 6.00000 0.72000 -6.00000
v 6.18000 0.72000 -6.00000
v 6.18000 5.52000 -6.00000
v 6.00000 5.52000 -6.00000
v 6.00000 0.72000 6.00000
v 6.18000 0.72000 6.00000
v 6.18000 5.52000 6.00000
v 6.00000 5.52000 6.00000
v -6.00000 0.72000 -6.00000
v 6.00000 0.72000 -6.00000
v 6.00000 0.82000 -6.00000
v -6.00000 0.82000 -6.00000
v -6.00000 0.72000 6.00000
v 6.00000 0.72000 6.00000
v 6.00000 0.82000 6.00000
v -6.00000 0.82000 6.00000
v -6.00000 5.42000 -6.00000
v 6.00000 5.42000 -6.00000
v 6.00000 5.52000 -6.00000
v -6.00000 5.52000 -6.00000
v -6.00000 5.42000 6.00000
v 6.00000 5.42000 6.00000
v 6.00000 5.52000 6.00000
v -6.00000 5.52000 6.00000
v -6.11000 0.82000 -6.26000
v 6.11000 0.82000 -6.26000
v 6.11000 0.98000 -6.26000
v -6.11000 0.98000 -6.26000
v -6.11000 0.82000 -6.12000
v 6.11000 0.82000 -6.12000
v 6.11000 0.98000 -6.12000
v -6.11000 0.98000 -6.12000
v -6.11000 0.82000 6.12000
v 6.11000 0.82000 6.12000
v 6.11000 0.98000 6.12000
v -6.11000 0.98000 6.12000
v -6.11000 0.82000 6.26000
v 6.11000 0.82000 6.26000
v 6.11000 0.98000 6.26000
v -6.11000 0.98000 6.26000
v -6.11000 5.26000 -6.26000
v 6.11000 5.26000 -6.26000
v 6.11000 5.42000 -6.26000
v -6.11000 5.42000 -6.26000
v -6.11000 5.26000 -6.12000
v 6.11000 5.26000 -6.12000
v 6.11000 5.42000 -6.12000
v -6.11000 5.42000 -6.12000
v -6.11000 5.26000 6.12000
v 6.11000 5.26000 6.12000
v 6.11000 5.42000 6.12000
v -6.11000 5.42000 6.12000
v -6.11000 5.26000 6.26000
v 6.11000 5.26000 6.26000
v 6.11000 5.42000 6.26000
v -6.11000 5.42000 6.26000
v -5.96000 0.72000 -6.29000
v -5.80000 0.72000 -6.29000
v -5.80000 5.52000 -6.29000
v -5.96000 5.52000 -6.29000
v -5.96000 0.72000 -6.13000
v -5.80000 0.72000 -6.13000
v -5.80000 5.52000 -6.13000
v -5.96000 5.52000 -6.13000
v 5.80000 0.72000 -6.29000
v 5.96000 0.72000 -6.29000
v 5.96000 5.52000 -6.29000
v 5.80000 5.52000 -6.29000
v 5.80000 0.72000 -6.13000
v 5.96000 0.72000 -6.13000
v 5.96000 5.52000 -6.13000
v 5.80000 5.52000 -6.13000
v -3.08000 0.72000 -6.29000
v -2.92000 0.72000 -6.29000
v -2.92000 5.52000 -6.29000
v -3.08000 5.52000 -6.29000
v -3.08000 0.72000 -6.13000
v -2.92000 0.72000 -6.13000
v -2.92000 5.52000 -6.13000
v -3.08000 5.52000 -6.13000
v 2.92000 0.72000 -6.29000
v 3.08000 0.72000 -6.29000
v 3.08000 5.52000 -6.29000
v 2.92000 5.52000 -6.29000
v 2.92000 0.72000 -6.13000
v 3.08000 0.72000 -6.13000
v 3.08000 5.52000 -6.13000
v 2.92000 5.52000 -6.13000
v -5.96000 0.72000 6.13000
v -5.80000 0.72000 6.13000
v -5.80000 5.52000 6.13000
v -5.96000 5.52000 6.13000
v -5.96000 0.72000 6.29000
v -5.80000 0.72000 6.29000
v -5.80000 5.52000 6.29000
v -5.96000 5.52000 6.29000
v 5.80000 0.72000 6.13000
v 5.96000 0.72000 6.13000
v 5.96000 5.52000 6.13000
v 5.80000 5.52000 6.13000
v 5.80000 0.72000 6.29000
v 5.96000 0.72000 6.29000
v 5.96000 5.52000 6.29000
v 5.80000 5.52000 6.29000
v -4.60500 2.64500 -6.28000
v -3.55500 2.64500 -6.28000
v -3.55500 3.89500 -6.28000
v -4.60500 3.89500 -6.28000
v -4.60500 2.64500 -6.20000
v -3.55500 2.64500 -6.20000
v -3.55500 3.89500 -6.20000
v -4.60500 3.89500 -6.20000
v -4.70500 3.21000 -6.38000
v -3.45500 3.21000 -6.38000
v -3.45500 3.33000 -6.38000
v -4.70500 3.33000 -6.38000
v -4.70500 3.21000 -6.22000
v -3.45500 3.21000 -6.22000
v -3.45500 3.33000 -6.22000
v -4.70500 3.33000 -6.22000
v -4.14000 2.54500 -6.38000
v -4.02000 2.54500 -6.38000
v -4.02000 3.99500 -6.38000
v -4.14000 3.99500 -6.38000
v -4.14000 2.54500 -6.22000
v -4.02000 2.54500 -6.22000
v -4.02000 3.99500 -6.22000
v -4.14000 3.99500 -6.22000
v -4.76500 2.54500 -6.38000
v -4.64500 2.54500 -6.38000
v -4.64500 3.99500 -6.38000
v -4.76500 3.99500 -6.38000
v -4.76500 2.54500 -6.22000
v -4.64500 2.54500 -6.22000
v -4.64500 3.99500 -6.22000
v -4.76500 3.99500 -6.22000
v -3.51500 2.54500 -6.38000
v -3.39500 2.54500 -6.38000
v -3.39500 3.99500 -6.38000
v -3.51500 3.99500 -6.38000
v -3.51500 2.54500 -6.22000
v -3.39500 2.54500 -6.22000
v -3.39500 3.99500 -6.22000
v -3.51500 3.99500 -6.22000
v -4.74500 2.45500 -6.42000
v -3.41500 2.45500 -6.42000
v -3.41500 2.59500 -6.42000
v -4.74500 2.59500 -6.42000
v -4.74500 2.45500 -6.18000
v -3.41500 2.45500 -6.18000
v -3.41500 2.59500 -6.18000
v -4.74500 2.59500 -6.18000
v -5.01650 2.69500 -6.40000
v -4.67650 2.69500 -6.40000
v -4.67650 3.84500 -6.40000
v -5.01650 3.84500 -6.40000
v -5.01650 2.69500 -6.32000
v -4.67650 2.69500 -6.32000
v -4.67650 3.84500 -6.32000
v -5.01650 3.84500 -6.32000
v -3.48350 2.69500 -6.40000
v -3.14350 2.69500 -6.40000
v -3.14350 3.84500 -6.40000
v -3.48350 3.84500 -6.40000
v -3.48350 2.69500 -6.32000
v -3.14350 2.69500 -6.32000
v -3.14350 3.84500 -6.32000
v -3.48350 3.84500 -6.32000
v 3.55500 2.64500 -6.28000
v 4.60500 2.64500 -6.28000
v 4.60500 3.89500 -6.28000
v 3.55500 3.89500 -6.28000
v 3.55500 2.64500 -6.20000
v 4.60500 2.64500 -6.20000
v 4.60500 3.89500 -6.20000
v 3.55500 3.89500 -6.20000
v 3.45500 3.21000 -6.38000
v 4.70500 3.21000 -6.38000
v 4.70500 3.33000 -6.38000
v 3.45500 3.33000 -6.38000
v 3.45500 3.21000 -6.22000
v 4.70500 3.21000 -6.22000
v 4.70500 3.33000 -6.22000
v 3.45500 3.33000 -6.22000
v 4.02000 2.54500 -6.38000
v 4.14000 2.54500 -6.38000
v 4.14000 3.99500 -6.38000
v 4.02000 3.99500 -6.38000
v 4.02000 2.54500 -6.22000
v 4.14000 2.54500 -6.22000
v 4.14000 3.99500 -6.22000
v 4.02000 3.99500 -6.22000
v 3.39500 2.54500 -6.38000
v 3.51500 2.54500 -6.38000
v 3.51500 3.99500 -6.38000
v 3.39500 3.99500 -6.38000
v 3.39500 2.54500 -6.22000
v 3.51500 2.54500 -6.22000
v 3.51500 3.99500 -6.22000
v 3.39500 3.99500 -6.22000
v 4.64500 2.54500 -6.38000
v 4.76500 2.54500 -6.38000
v 4.76500 3.99500 -6.38000
v 4.64500 3.99500 -6.38000
v 4.64500 2.54500 -6.22000
v 4.76500 2.54500 -6.22000
v 4.76500 3.99500 -6.22000
v 4.64500 3.99500 -6.22000
v 3.41500 2.45500 -6.42000
v 4.74500 2.45500 -6.42000
v 4.74500 2.59500 -6.42000
v 3.41500 2.59500 -6.42000
v 3.41500 2.45500 -6.18000
v 4.74500 2.45500 -6.18000
v 4.74500 2.59500 -6.18000
v 3.41500 2.59500 -6.18000
v 3.14350 2.69500 -6.40000
v 3.48350 2.69500 -6.40000
v 3.48350 3.84500 -6.40000
v 3.14350 3.84500 -6.40000
v 3.14350 2.69500 -6.32000
v 3.48350 2.69500 -6.32000
v 3.48350 3.84500 -6.32000
v 3.14350 3.84500 -6.32000
v 4.67650 2.69500 -6.40000
v 5.01650 2.69500 -6.40000
v 5.01650 3.84500 -6.40000
v 4.67650 3.84500 -6.40000
v 4.67650 2.69500 -6.32000
v 5.01650 2.69500 -6.32000
v 5.01650 3.84500 -6.32000
v 4.67650 3.84500 -6.32000
v -5.52000 1.25250 -6.24750
v 5.52000 1.25250 -6.24750
v 5.52000 1.28750 -6.24750
v -5.52000 1.28750 -6.24750
v -5.52000 1.25250 -6.19250
v 5.52000 1.25250 -6.19250
v 5.52000 1.28750 -6.19250
v -5.52000 1.28750 -6.19250
v -5.52000 1.68250 -6.24750
v 5.52000 1.68250 -6.24750
v 5.52000 1.71750 -6.24750
v -5.52000 1.71750 -6.24750
v -5.52000 1.68250 -6.19250
v 5.52000 1.68250 -6.19250
v 5.52000 1.71750 -6.19250
v -5.52000 1.71750 -6.19250
v -5.52000 2.11250 -6.24750
v 5.52000 2.11250 -6.24750
v 5.52000 2.14750 -6.24750
v -5.52000 2.14750 -6.24750
v -5.52000 2.11250 -6.19250
v 5.52000 2.11250 -6.19250
v 5.52000 2.14750 -6.19250
v -5.52000 2.14750 -6.19250
v -5.52000 2.54250 -6.24750
v 5.52000 2.54250 -6.24750
v 5.52000 2.57750 -6.24750
v -5.52000 2.57750 -6.24750
v -5.52000 2.54250 -6.19250
v 5.52000 2.54250 -6.19250
v 5.52000 2.57750 -6.19250
v -5.52000 2.57750 -6.19250
v -5.52000 2.97250 -6.24750
v 5.52000 2.97250 -6.24750
v 5.52000 3.00750 -6.24750
v -5.52000 3.00750 -6.24750
v -5.52000 2.97250 -6.19250
v 5.52000 2.97250 -6.19250
v 5.52000 3.00750 -6.19250
v -5.52000 3.00750 -6.19250
v -5.52000 3.40250 -6.24750
v 5.52000 3.40250 -6.24750
v 5.52000 3.43750 -6.24750
v -5.52000 3.43750 -6.24750
v -5.52000 3.40250 -6.19250
v 5.52000 3.40250 -6.19250
v 5.52000 3.43750 -6.19250
v -5.52000 3.43750 -6.19250
v -5.52000 3.83250 -6.24750
v 5.52000 3.83250 -6.24750
v 5.52000 3.86750 -6.24750
v -5.52000 3.86750 -6.24750
v -5.52000 3.83250 -6.19250
v 5.52000 3.83250 -6.19250
v 5.52000 3.86750 -6.19250
v -5.52000 3.86750 -6.19250
v -5.52000 4.26250 -6.24750
v 5.52000 4.26250 -6.24750
v 5.52000 4.29750 -6.24750
v -5.52000 4.29750 -6.24750
v -5.52000 4.26250 -6.19250
v 5.52000 4.26250 -6.19250
v 5.52000 4.29750 -6.19250
v -5.52000 4.29750 -6.19250
v -5.52000 4.69250 -6.24750
v 5.52000 4.69250 -6.24750
v 5.52000 4.72750 -6.24750
v -5.52000 4.72750 -6.24750
v -5.52000 4.69250 -6.19250
v 5.52000 4.69250 -6.19250
v 5.52000 4.72750 -6.19250
v -5.52000 4.72750 -6.19250
v -6.00000 5.52000 -6.18000
v 6.00000 5.52000 -6.18000
v 6.00000 9.92000 -6.18000
v -6.00000 9.92000 -6.18000
v -6.00000 5.52000 -6.00000
v 6.00000 5.52000 -6.00000
v 6.00000 9.92000 -6.00000
v -6.00000 9.92000 -6.00000
v -6.00000 5.52000 6.00000
v 6.00000 5.52000 6.00000
v 6.00000 9.92000 6.00000
v -6.00000 9.92000 6.00000
v -6.00000 5.52000 6.18000
v 6.00000 5.52000 6.18000
v 6.00000 9.92000 6.18000
v -6.00000 9.92000 6.18000
v -6.18000 5.52000 -6.00000
v -6.00000 5.52000 -6.00000
v -6.00000 9.92000 -6.00000
v -6.18000 9.92000 -6.00000
v -6.18000 5.52000 6.00000
v -6.00000 5.52000 6.00000
v -6.00000 9.92000 6.00000
v -6.18000 9.92000 6.00000
v 6.00000 5.52000 -6.00000
v 6.18000 5.52000 -6.00000
v 6.18000 9.92000 -6.00000
v 6.00000 9.92000 -6.00000
v 6.00000 5.52000 6.00000
v 6.18000 5.52000 6.00000
v 6.18000 9.92000 6.00000
v 6.00000 9.92000 6.00000
v -6.00000 5.52000 -6.00000
v 6.00000 5.52000 -6.00000
v 6.00000 5.62000 -6.00000
v -6.00000 5.62000 -6.00000
v -6.00000 5.52000 6.00000
v 6.00000 5.52000 6.00000
v 6.00000 5.62000 6.00000
v -6.00000 5.62000 6.00000
v -6.00000 9.82000 -6.00000
v 6.00000 9.82000 -6.00000
v 6.00000 9.92000 -6.00000
v -6.00000 9.92000 -6.00000
v -6.00000 9.82000 6.00000
v 6.00000 9.82000 6.00000
v 6.00000 9.92000 6.00000
v -6.00000 9.92000 6.00000
v -6.11000 5.62000 -6.26000
v 6.11000 5.62000 -6.26000
v 6.11000 5.78000 -6.26000
v -6.11000 5.78000 -6.26000
v -6.11000 5.62000 -6.12000
v 6.11000 5.62000 -6.12000
v 6.11000 5.78000 -6.12000
v -6.11000 5.78000 -6.12000
v -6.11000 5.62000 6.12000
v 6.11000 5.62000 6.12000
v 6.11000 5.78000 6.12000
v -6.11000 5.78000 6.12000
v -6.11000 5.62000 6.26000
v 6.11000 5.62000 6.26000
v 6.11000 5.78000 6.26000
v -6.11000 5.78000 6.26000
v -6.11000 9.66000 -6.26000
v 6.11000 9.66000 -6.26000
v 6.11000 9.82000 -6.26000
v -6.11000 9.82000 -6.26000
v -6.11000 9.66000 -6.12000
v 6.11000 9.66000 -6.12000
v 6.11000 9.82000 -6.12000
v -6.11000 9.82000 -6.12000
v -6.11000 9.66000 6.12000
v 6.11000 9.66000 6.12000
v 6.11000 9.82000 6.12000
v -6.11000 9.82000 6.12000
v -6.11000 9.66000 6.26000
v 6.11000 9.66000 6.26000
v 6.11000 9.82000 6.26000
v -6.11000 9.82000 6.26000
v -5.96000 5.52000 -6.29000
v -5.80000 5.52000 -6.29000
v -5.80000 9.92000 -6.29000
v -5.96000 9.92000 -6.29000
v -5.96000 5.52000 -6.13000
v -5.80000 5.52000 -6.13000
v -5.80000 9.92000 -6.13000
v -5.96000 9.92000 -6.13000
v 5.80000 5.52000 -6.29000
v 5.96000 5.52000 -6.29000
v 5.96000 9.92000 -6.29000
v 5.80000 9.92000 -6.29000
v 5.80000 5.52000 -6.13000
v 5.96000 5.52000 -6.13000
v 5.96000 9.92000 -6.13000
v 5.80000 9.92000 -6.13000
v -3.08000 5.52000 -6.29000
v -2.92000 5.52000 -6.29000
v -2.92000 9.92000 -6.29000
v -3.08000 9.92000 -6.29000
v -3.08000 5.52000 -6.13000
v -2.92000 5.52000 -6.13000
v -2.92000 9.92000 -6.13000
v -3.08000 9.92000 -6.13000
v 2.92000 5.52000 -6.29000
v 3.08000 5.52000 -6.29000
v 3.08000 9.92000 -6.29000
v 2.92000 9.92000 -6.29000
v 2.92000 5.52000 -6.13000
v 3.08000 5.52000 -6.13000
v 3.08000 9.92000 -6.13000
v 2.92000 9.92000 -6.13000
v -5.96000 5.52000 6.13000
v -5.80000 5.52000 6.13000
v -5.80000 9.92000 6.13000
v -5.96000 9.92000 6.13000
v -5.96000 5.52000 6.29000
v -5.80000 5.52000 6.29000
v -5.80000 9.92000 6.29000
v -5.96000 9.92000 6.29000
v 5.80000 5.52000 6.13000
v 5.96000 5.52000 6.13000
v 5.96000 9.92000 6.13000
v 5.80000 9.92000 6.13000
v 5.80000 5.52000 6.29000
v 5.96000 5.52000 6.29000
v 5.96000 9.92000 6.29000
v 5.80000 9.92000 6.29000
v -3.79000 7.20200 -6.28000
v -2.69000 7.20200 -6.28000
v -2.69000 8.50200 -6.28000
v -3.79000 8.50200 -6.28000
v -3.79000 7.20200 -6.20000
v -2.69000 7.20200 -6.20000
v -2.69000 8.50200 -6.20000
v -3.79000 8.50200 -6.20000
v -3.89000 7.79200 -6.38000
v -2.59000 7.79200 -6.38000
v -2.59000 7.91200 -6.38000
v -3.89000 7.91200 -6.38000
v -3.89000 7.79200 -6.22000
v -2.59000 7.79200 -6.22000
v -2.59000 7.91200 -6.22000
v -3.89000 7.91200 -6.22000
v -3.30000 7.10200 -6.38000
v -3.18000 7.10200 -6.38000
v -3.18000 8.60200 -6.38000
v -3.30000 8.60200 -6.38000
v -3.30000 7.10200 -6.22000
v -3.18000 7.10200 -6.22000
v -3.18000 8.60200 -6.22000
v -3.30000 8.60200 -6.22000
v -3.95000 7.10200 -6.38000
v -3.83000 7.10200 -6.38000
v -3.83000 8.60200 -6.38000
v -3.95000 8.60200 -6.38000
v -3.95000 7.10200 -6.22000
v -3.83000 7.10200 -6.22000
v -3.83000 8.60200 -6.22000
v -3.95000 8.60200 -6.22000
v -2.65000 7.10200 -6.38000
v -2.53000 7.10200 -6.38000
v -2.53000 8.60200 -6.38000
v -2.65000 8.60200 -6.38000
v -2.65000 7.10200 -6.22000
v -2.53000 7.10200 -6.22000
v -2.53000 8.60200 -6.22000
v -2.65000 8.60200 -6.22000
v -3.93000 7.01200 -6.42000
v -2.55000 7.01200 -6.42000
v -2.55000 7.15200 -6.42000
v -3.93000 7.15200 -6.42000
v -3.93000 7.01200 -6.18000
v -2.55000 7.01200 -6.18000
v -2.55000 7.15200 -6.18000
v -3.93000 7.15200 -6.18000
v -4.21300 7.25400 -6.40000
v -3.87300 7.25400 -6.40000
v -3.87300 8.45000 -6.40000
v -4.21300 8.45000 -6.40000
v -4.21300 7.25400 -6.32000
v -3.87300 7.25400 -6.32000
v -3.87300 8.45000 -6.32000
v -4.21300 8.45000 -6.32000
v -2.60700 7.25400 -6.40000
v -2.26700 7.25400 -6.40000
v -2.26700 8.45000 -6.40000
v -2.60700 8.45000 -6.40000
v -2.60700 7.25400 -6.32000
v -2.26700 7.25400 -6.32000
v -2.26700 8.45000 -6.32000
v -2.60700 8.45000 -6.32000
v 2.69000 7.20200 -6.28000
v 3.79000 7.20200 -6.28000
v 3.79000 8.50200 -6.28000
v 2.69000 8.50200 -6.28000
v 2.69000 7.20200 -6.20000
v 3.79000 7.20200 -6.20000
v 3.79000 8.50200 -6.20000
v 2.69000 8.50200 -6.20000
v 2.59000 7.79200 -6.38000
v 3.89000 7.79200 -6.38000
v 3.89000 7.91200 -6.38000
v 2.59000 7.91200 -6.38000
v 2.59000 7.79200 -6.22000
v 3.89000 7.79200 -6.22000
v 3.89000 7.91200 -6.22000
v 2.59000 7.91200 -6.22000
v 3.18000 7.10200 -6.38000
v 3.30000 7.10200 -6.38000
v 3.30000 8.60200 -6.38000
v 3.18000 8.60200 -6.38000
v 3.18000 7.10200 -6.22000
v 3.30000 7.10200 -6.22000
v 3.30000 8.60200 -6.22000
v 3.18000 8.60200 -6.22000
v 2.53000 7.10200 -6.38000
v 2.65000 7.10200 -6.38000
v 2.65000 8.60200 -6.38000
v 2.53000 8.60200 -6.38000
v 2.53000 7.10200 -6.22000
v 2.65000 7.10200 -6.22000
v 2.65000 8.60200 -6.22000
v 2.53000 8.60200 -6.22000
v 3.83000 7.10200 -6.38000
v 3.95000 7.10200 -6.38000
v 3.95000 8.60200 -6.38000
v 3.83000 8.60200 -6.38000
v 3.83000 7.10200 -6.22000
v 3.95000 7.10200 -6.22000
v 3.95000 8.60200 -6.22000
v 3.83000 8.60200 -6.22000
v 2.55000 7.01200 -6.42000
v 3.93000 7.01200 -6.42000
v 3.93000 7.15200 -6.42000
v 2.55000 7.15200 -6.42000
v 2.55000 7.01200 -6.18000
v 3.93000 7.01200 -6.18000
v 3.93000 7.15200 -6.18000
v 2.55000 7.15200 -6.18000
v 2.26700 7.25400 -6.40000
v 2.60700 7.25400 -6.40000
v 2.60700 8.45000 -6.40000
v 2.26700 8.45000 -6.40000
v 2.26700 7.25400 -6.32000
v 2.60700 7.25400 -6.32000
v 2.60700 8.45000 -6.32000
v 2.26700 8.45000 -6.32000
v 3.87300 7.25400 -6.40000
v 4.21300 7.25400 -6.40000
v 4.21300 8.45000 -6.40000
v 3.87300 8.45000 -6.40000
v 3.87300 7.25400 -6.32000
v 4.21300 7.25400 -6.32000
v 4.21300 8.45000 -6.32000
v 3.87300 8.45000 -6.32000
v -4.16000 7.21200 -6.28000
v -3.04000 7.21200 -6.28000
v -3.04000 8.49200 -6.28000
v -4.16000 8.49200 -6.28000
v -4.16000 7.21200 -6.20000
v -3.04000 7.21200 -6.20000
v -3.04000 8.49200 -6.20000
v -4.16000 8.49200 -6.20000
v -4.26000 7.79200 -6.38000
v -2.94000 7.79200 -6.38000
v -2.94000 7.91200 -6.38000
v -4.26000 7.91200 -6.38000
v -4.26000 7.79200 -6.22000
v -2.94000 7.79200 -6.22000
v -2.94000 7.91200 -6.22000
v -4.26000 7.91200 -6.22000
v -3.66000 7.11200 -6.38000
v -3.54000 7.11200 -6.38000
v -3.54000 8.59200 -6.38000
v -3.66000 8.59200 -6.38000
v -3.66000 7.11200 -6.22000
v -3.54000 7.11200 -6.22000
v -3.54000 8.59200 -6.22000
v -3.66000 8.59200 -6.22000
v -4.32000 7.11200 -6.38000
v -4.20000 7.11200 -6.38000
v -4.20000 8.59200 -6.38000
v -4.32000 8.59200 -6.38000
v -4.32000 7.11200 -6.22000
v -4.20000 7.11200 -6.22000
v -4.20000 8.59200 -6.22000
v -4.32000 8.59200 -6.22000
v -3.00000 7.11200 -6.38000
v -2.88000 7.11200 -6.38000
v -2.88000 8.59200 -6.38000
v -3.00000 8.59200 -6.38000
v -3.00000 7.11200 -6.22000
v -2.88000 7.11200 -6.22000
v -2.88000 8.59200 -6.22000
v -3.00000 8.59200 -6.22000
v -4.30000 7.02200 -6.42000
v -2.90000 7.02200 -6.42000
v -2.90000 7.16200 -6.42000
v -4.30000 7.16200 -6.42000
v -4.30000 7.02200 -6.18000
v -2.90000 7.02200 -6.18000
v -2.90000 7.16200 -6.18000
v -4.30000 7.16200 -6.18000
v -4.58760 7.26320 -6.40000
v -4.24760 7.26320 -6.40000
v -4.24760 8.44080 -6.40000
v -4.58760 8.44080 -6.40000
v -4.58760 7.26320 -6.32000
v -4.24760 7.26320 -6.32000
v -4.24760 8.44080 -6.32000
v -4.58760 8.44080 -6.32000
v -2.95240 7.26320 -6.40000
v -2.61240 7.26320 -6.40000
v -2.61240 8.44080 -6.40000
v -2.95240 8.44080 -6.40000
v -2.95240 7.26320 -6.32000
v -2.61240 7.26320 -6.32000
v -2.61240 8.44080 -6.32000
v -2.95240 8.44080 -6.32000
v 3.04000 7.21200 -6.28000
v 4.16000 7.21200 -6.28000
v 4.16000 8.49200 -6.28000
v 3.04000 8.49200 -6.28000
v 3.04000 7.21200 -6.20000
v 4.16000 7.21200 -6.20000
v 4.16000 8.49200 -6.20000
v 3.04000 8.49200 -6.20000
v 2.94000 7.79200 -6.38000
v 4.26000 7.79200 -6.38000
v 4.26000 7.91200 -6.38000
v 2.94000 7.91200 -6.38000
v 2.94000 7.79200 -6.22000
v 4.26000 7.79200 -6.22000
v 4.26000 7.91200 -6.22000
v 2.94000 7.91200 -6.22000
v 3.54000 7.11200 -6.38000
v 3.66000 7.11200 -6.38000
v 3.66000 8.59200 -6.38000
v 3.54000 8.59200 -6.38000
v 3.54000 7.11200 -6.22000
v 3.66000 7.11200 -6.22000
v 3.66000 8.59200 -6.22000
v 3.54000 8.59200 -6.22000
v 2.88000 7.11200 -6.38000
v 3.00000 7.11200 -6.38000
v 3.00000 8.59200 -6.38000
v 2.88000 8.59200 -6.38000
v 2.88000 7.11200 -6.22000
v 3.00000 7.11200 -6.22000
v 3.00000 8.59200 -6.22000
v 2.88000 8.59200 -6.22000
v 4.20000 7.11200 -6.38000
v 4.32000 7.11200 -6.38000
v 4.32000 8.59200 -6.38000
v 4.20000 8.59200 -6.38000
v 4.20000 7.11200 -6.22000
v 4.32000 7.11200 -6.22000
v 4.32000 8.59200 -6.22000
v 4.20000 8.59200 -6.22000
v 2.90000 7.02200 -6.42000
v 4.30000 7.02200 -6.42000
v 4.30000 7.16200 -6.42000
v 2.90000 7.16200 -6.42000
v 2.90000 7.02200 -6.18000
v 4.30000 7.02200 -6.18000
v 4.30000 7.16200 -6.18000
v 2.90000 7.16200 -6.18000
v 2.61240 7.26320 -6.40000
v 2.95240 7.26320 -6.40000
v 2.95240 8.44080 -6.40000
v 2.61240 8.44080 -6.40000
v 2.61240 7.26320 -6.32000
v 2.95240 7.26320 -6.32000
v 2.95240 8.44080 -6.32000
v 2.61240 8.44080 -6.32000
v 4.24760 7.26320 -6.40000
v 4.58760 7.26320 -6.40000
v 4.58760 8.44080 -6.40000
v 4.24760 8.44080 -6.40000
v 4.24760 7.26320 -6.32000
v 4.58760 7.26320 -6.32000
v 4.58760 8.44080 -6.32000
v 4.24760 8.44080 -6.32000
v -6.24000 7.22700 -3.52500
v -6.16000 7.22700 -3.52500
v -6.16000 8.47700 -3.52500
v -6.24000 8.47700 -3.52500
v -6.24000 7.22700 -2.47500
v -6.16000 7.22700 -2.47500
v -6.16000 8.47700 -2.47500
v -6.24000 8.47700 -2.47500
v 6.16000 7.22700 -3.52500
v 6.24000 7.22700 -3.52500
v 6.24000 8.47700 -3.52500
v 6.16000 8.47700 -3.52500
v 6.16000 7.22700 -2.47500
v 6.24000 7.22700 -2.47500
v 6.24000 8.47700 -2.47500
v 6.16000 8.47700 -2.47500
v -6.24000 7.22700 2.47500
v -6.16000 7.22700 2.47500
v -6.16000 8.47700 2.47500
v -6.24000 8.47700 2.47500
v -6.24000 7.22700 3.52500
v -6.16000 7.22700 3.52500
v -6.16000 8.47700 3.52500
v -6.24000 8.47700 3.52500
v 6.16000 7.22700 2.47500
v 6.24000 7.22700 2.47500
v 6.24000 8.47700 2.47500
v 6.16000 8.47700 2.47500
v 6.16000 7.22700 3.52500
v 6.24000 7.22700 3.52500
v 6.24000 8.47700 3.52500
v 6.16000 8.47700 3.52500
v -3.93626 5.19000 -6.27309
v -3.81691 5.19000 -6.34626
v -3.81691 10.25000 -6.34626
v -3.93626 10.25000 -6.27309
v -3.86309 5.19000 -6.15374
v -3.74374 5.19000 -6.22691
v -3.74374 10.25000 -6.22691
v -3.86309 10.25000 -6.15374
v 3.81691 5.19000 -6.34626
v 3.93626 5.19000 -6.27309
v 3.93626 10.25000 -6.27309
v 3.81691 10.25000 -6.34626
v 3.74374 5.19000 -6.22691
v 3.86309 5.19000 -6.15374
v 3.86309 10.25000 -6.15374
v 3.74374 10.25000 -6.22691
v -6.00000 9.92000 -6.18000
v 6.00000 9.92000 -6.18000
v 6.00000 14.32000 -6.18000
v -6.00000 14.32000 -6.18000
v -6.00000 9.92000 -6.00000
v 6.00000 9.92000 -6.00000
v 6.00000 14.32000 -6.00000
v -6.00000 14.32000 -6.00000
v -6.00000 9.92000 6.00000
v 6.00000 9.92000 6.00000
v 6.00000 14.32000 6.00000
v -6.00000 14.32000 6.00000
v -6.00000 9.92000 6.18000
v 6.00000 9.92000 6.18000
v 6.00000 14.32000 6.18000
v -6.00000 14.32000 6.18000
v -6.18000 9.92000 -6.00000
v -6.00000 9.92000 -6.00000
v -6.00000 14.32000 -6.00000
v -6.18000 14.32000 -6.00000
v -6.18000 9.92000 6.00000
v -6.00000 9.92000 6.00000
v -6.00000 14.32000 6.00000
v -6.18000 14.32000 6.00000
v 6.00000 9.92000 -6.00000
v 6.18000 9.92000 -6.00000
v 6.18000 14.32000 -6.00000
v 6.00000 14.32000 -6.00000
v 6.00000 9.92000 6.00000
v 6.18000 9.92000 6.00000
v 6.18000 14.32000 6.00000
v 6.00000 14.32000 6.00000
v -6.00000 9.92000 -6.00000
v 6.00000 9.92000 -6.00000
v 6.00000 10.02000 -6.00000
v -6.00000 10.02000 -6.00000
v -6.00000 9.92000 6.00000
v 6.00000 9.92000 6.00000
v 6.00000 10.02000 6.00000
v -6.00000 10.02000 6.00000
v -6.00000 14.22000 -6.00000
v 6.00000 14.22000 -6.00000
v 6.00000 14.32000 -6.00000
v -6.00000 14.32000 -6.00000
v -6.00000 14.22000 6.00000
v 6.00000 14.22000 6.00000
v 6.00000 14.32000 6.00000
v -6.00000 14.32000 6.00000
v -6.11000 10.02000 -6.26000
v 6.11000 10.02000 -6.26000
v 6.11000 10.18000 -6.26000
v -6.11000 10.18000 -6.26000
v -6.11000 10.02000 -6.12000
v 6.11000 10.02000 -6.12000
v 6.11000 10.18000 -6.12000
v -6.11000 10.18000 -6.12000
v -6.11000 10.02000 6.12000
v 6.11000 10.02000 6.12000
v 6.11000 10.18000 6.12000
v -6.11000 10.18000 6.12000
v -6.11000 10.02000 6.26000
v 6.11000 10.02000 6.26000
v 6.11000 10.18000 6.26000
v -6.11000 10.18000 6.26000
v -6.11000 14.06000 -6.26000
v 6.11000 14.06000 -6.26000
v 6.11000 14.22000 -6.26000
v -6.11000 14.22000 -6.26000
v -6.11000 14.06000 -6.12000
v 6.11000 14.06000 -6.12000
v 6.11000 14.22000 -6.12000
v -6.11000 14.22000 -6.12000
v -6.11000 14.06000 6.12000
v 6.11000 14.06000 6.12000
v 6.11000 14.22000 6.12000
v -6.11000 14.22000 6.12000
v -6.11000 14.06000 6.26000
v 6.11000 14.06000 6.26000
v 6.11000 14.22000 6.26000
v -6.11000 14.22000 6.26000
v -5.96000 9.92000 -6.29000
v -5.80000 9.92000 -6.29000
v -5.80000 14.32000 -6.29000
v -5.96000 14.32000 -6.29000
v -5.96000 9.92000 -6.13000
v -5.80000 9.92000 -6.13000
v -5.80000 14.32000 -6.13000
v -5.96000 14.32000 -6.13000
v 5.80000 9.92000 -6.29000
v 5.96000 9.92000 -6.29000
v 5.96000 14.32000 -6.29000
v 5.80000 14.32000 -6.29000
v 5.80000 9.92000 -6.13000
v 5.96000 9.92000 -6.13000
v 5.96000 14.32000 -6.13000
v 5.80000 14.32000 -6.13000
v -3.08000 9.92000 -6.29000
v -2.92000 9.92000 -6.29000
v -2.92000 14.32000 -6.29000
v -3.08000 14.32000 -6.29000
v -3.08000 9.92000 -6.13000
v -2.92000 9.92000 -6.13000
v -2.92000 14.32000 -6.13000
v -3.08000 14.32000 -6.13000
v 2.92000 9.92000 -6.29000
v 3.08000 9.92000 -6.29000
v 3.08000 14.32000 -6.29000
v 2.92000 14.32000 -6.29000
v 2.92000 9.92000 -6.13000
v 3.08000 9.92000 -6.13000
v 3.08000 14.32000 -6.13000
v 2.92000 14.32000 -6.13000
v -5.96000 9.92000 6.13000
v -5.80000 9.92000 6.13000
v -5.80000 14.32000 6.13000
v -5.96000 14.32000 6.13000
v -5.96000 9.92000 6.29000
v -5.80000 9.92000 6.29000
v -5.80000 14.32000 6.29000
v -5.96000 14.32000 6.29000
v 5.80000 9.92000 6.13000
v 5.96000 9.92000 6.13000
v 5.96000 14.32000 6.13000
v 5.80000 14.32000 6.13000
v 5.80000 9.92000 6.29000
v 5.96000 9.92000 6.29000
v 5.96000 14.32000 6.29000
v 5.80000 14.32000 6.29000
v -3.79000 11.60200 -6.28000
v -2.69000 11.60200 -6.28000
v -2.69000 12.90200 -6.28000
v -3.79000 12.90200 -6.28000
v -3.79000 11.60200 -6.20000
v -2.69000 11.60200 -6.20000
v -2.69000 12.90200 -6.20000
v -3.79000 12.90200 -6.20000
v -3.89000 12.19200 -6.38000
v -2.59000 12.19200 -6.38000
v -2.59000 12.31200 -6.38000
v -3.89000 12.31200 -6.38000
v -3.89000 12.19200 -6.22000
v -2.59000 12.19200 -6.22000
v -2.59000 12.31200 -6.22000
v -3.89000 12.31200 -6.22000
v -3.30000 11.50200 -6.38000
v -3.18000 11.50200 -6.38000
v -3.18000 13.00200 -6.38000
v -3.30000 13.00200 -6.38000
v -3.30000 11.50200 -6.22000
v -3.18000 11.50200 -6.22000
v -3.18000 13.00200 -6.22000
v -3.30000 13.00200 -6.22000
v -3.95000 11.50200 -6.38000
v -3.83000 11.50200 -6.38000
v -3.83000 13.00200 -6.38000
v -3.95000 13.00200 -6.38000
v -3.95000 11.50200 -6.22000
v -3.83000 11.50200 -6.22000
v -3.83000 13.00200 -6.22000
v -3.95000 13.00200 -6.22000
v -2.65000 11.50200 -6.38000
v -2.53000 11.50200 -6.38000
v -2.53000 13.00200 -6.38000
v -2.65000 13.00200 -6.38000
v -2.65000 11.50200 -6.22000
v -2.53000 11.50200 -6.22000
v -2.53000 13.00200 -6.22000
v -2.65000 13.00200 -6.22000
v -3.93000 11.41200 -6.42000
v -2.55000 11.41200 -6.42000
v -2.55000 11.55200 -6.42000
v -3.93000 11.55200 -6.42000
v -3.93000 11.41200 -6.18000
v -2.55000 11.41200 -6.18000
v -2.55000 11.55200 -6.18000
v -3.93000 11.55200 -6.18000
v -4.21300 11.65400 -6.40000
v -3.87300 11.65400 -6.40000
v -3.87300 12.85000 -6.40000
v -4.21300 12.85000 -6.40000
v -4.21300 11.65400 -6.32000
v -3.87300 11.65400 -6.32000
v -3.87300 12.85000 -6.32000
v -4.21300 12.85000 -6.32000
v -2.60700 11.65400 -6.40000
v -2.26700 11.65400 -6.40000
v -2.26700 12.85000 -6.40000
v -2.60700 12.85000 -6.40000
v -2.60700 11.65400 -6.32000
v -2.26700 11.65400 -6.32000
v -2.26700 12.85000 -6.32000
v -2.60700 12.85000 -6.32000
v 2.69000 11.60200 -6.28000
v 3.79000 11.60200 -6.28000
v 3.79000 12.90200 -6.28000
v 2.69000 12.90200 -6.28000
v 2.69000 11.60200 -6.20000
v 3.79000 11.60200 -6.20000
v 3.79000 12.90200 -6.20000
v 2.69000 12.90200 -6.20000
v 2.59000 12.19200 -6.38000
v 3.89000 12.19200 -6.38000
v 3.89000 12.31200 -6.38000
v 2.59000 12.31200 -6.38000
v 2.59000 12.19200 -6.22000
v 3.89000 12.19200 -6.22000
v 3.89000 12.31200 -6.22000
v 2.59000 12.31200 -6.22000
v 3.18000 11.50200 -6.38000
v 3.30000 11.50200 -6.38000
v 3.30000 13.00200 -6.38000
v 3.18000 13.00200 -6.38000
v 3.18000 11.50200 -6.22000
v 3.30000 11.50200 -6.22000
v 3.30000 13.00200 -6.22000
v 3.18000 13.00200 -6.22000
v 2.53000 11.50200 -6.38000
v 2.65000 11.50200 -6.38000
v 2.65000 13.00200 -6.38000
v 2.53000 13.00200 -6.38000
v 2.53000 11.50200 -6.22000
v 2.65000 11.50200 -6.22000
v 2.65000 13.00200 -6.22000
v 2.53000 13.00200 -6.22000
v 3.83000 11.50200 -6.38000
v 3.95000 11.50200 -6.38000
v 3.95000 13.00200 -6.38000
v 3.83000 13.00200 -6.38000
v 3.83000 11.50200 -6.22000
v 3.95000 11.50200 -6.22000
v 3.95000 13.00200 -6.22000
v 3.83000 13.00200 -6.22000
v 2.55000 11.41200 -6.42000
v 3.93000 11.41200 -6.42000
v 3.93000 11.55200 -6.42000
v 2.55000 11.55200 -6.42000
v 2.55000 11.41200 -6.18000
v 3.93000 11.41200 -6.18000
v 3.93000 11.55200 -6.18000
v 2.55000 11.55200 -6.18000
v 2.26700 11.65400 -6.40000
v 2.60700 11.65400 -6.40000
v 2.60700 12.85000 -6.40000
v 2.26700 12.85000 -6.40000
v 2.26700 11.65400 -6.32000
v 2.60700 11.65400 -6.32000
v 2.60700 12.85000 -6.32000
v 2.26700 12.85000 -6.32000
v 3.87300 11.65400 -6.40000
v 4.21300 11.65400 -6.40000
v 4.21300 12.85000 -6.40000
v 3.87300 12.85000 -6.40000
v 3.87300 11.65400 -6.32000
v 4.21300 11.65400 -6.32000
v 4.21300 12.85000 -6.32000
v 3.87300 12.85000 -6.32000
v -4.16000 11.61200 -6.28000
v -3.04000 11.61200 -6.28000
v -3.04000 12.89200 -6.28000
v -4.16000 12.89200 -6.28000
v -4.16000 11.61200 -6.20000
v -3.04000 11.61200 -6.20000
v -3.04000 12.89200 -6.20000
v -4.16000 12.89200 -6.20000
v -4.26000 12.19200 -6.38000
v -2.94000 12.19200 -6.38000
v -2.94000 12.31200 -6.38000
v -4.26000 12.31200 -6.38000
v -4.26000 12.19200 -6.22000
v -2.94000 12.19200 -6.22000
v -2.94000 12.31200 -6.22000
v -4.26000 12.31200 -6.22000
v -3.66000 11.51200 -6.38000
v -3.54000 11.51200 -6.38000
v -3.54000 12.99200 -6.38000
v -3.66000 12.99200 -6.38000
v -3.66000 11.51200 -6.22000
v -3.54000 11.51200 -6.22000
v -3.54000 12.99200 -6.22000
v -3.66000 12.99200 -6.22000
v -4.32000 11.51200 -6.38000
v -4.20000 11.51200 -6.38000
v -4.20000 12.99200 -6.38000
v -4.32000 12.99200 -6.38000
v -4.32000 11.51200 -6.22000
v -4.20000 11.51200 -6.22000
v -4.20000 12.99200 -6.22000
v -4.32000 12.99200 -6.22000
v -3.00000 11.51200 -6.38000
v -2.88000 11.51200 -6.38000
v -2.88000 12.99200 -6.38000
v -3.00000 12.99200 -6.38000
v -3.00000 11.51200 -6.22000
v -2.88000 11.51200 -6.22000
v -2.88000 12.99200 -6.22000
v -3.00000 12.99200 -6.22000
v -4.30000 11.42200 -6.42000
v -2.90000 11.42200 -6.42000
v -2.90000 11.56200 -6.42000
v -4.30000 11.56200 -6.42000
v -4.30000 11.42200 -6.18000
v -2.90000 11.42200 -6.18000
v -2.90000 11.56200 -6.18000
v -4.30000 11.56200 -6.18000
v -4.58760 11.66320 -6.40000
v -4.24760 11.66320 -6.40000
v -4.24760 12.84080 -6.40000
v -4.58760 12.84080 -6.40000
v -4.58760 11.66320 -6.32000
v -4.24760 11.66320 -6.32000
v -4.24760 12.84080 -6.32000
v -4.58760 12.84080 -6.32000
v -2.95240 11.66320 -6.40000
v -2.61240 11.66320 -6.40000
v -2.61240 12.84080 -6.40000
v -2.95240 12.84080 -6.40000
v -2.95240 11.66320 -6.32000
v -2.61240 11.66320 -6.32000
v -2.61240 12.84080 -6.32000
v -2.95240 12.84080 -6.32000
v 3.04000 11.61200 -6.28000
v 4.16000 11.61200 -6.28000
v 4.16000 12.89200 -6.28000
v 3.04000 12.89200 -6.28000
v 3.04000 11.61200 -6.20000
v 4.16000 11.61200 -6.20000
v 4.16000 12.89200 -6.20000
v 3.04000 12.89200 -6.20000
v 2.94000 12.19200 -6.38000
v 4.26000 12.19200 -6.38000
v 4.26000 12.31200 -6.38000
v 2.94000 12.31200 -6.38000
v 2.94000 12.19200 -6.22000
v 4.26000 12.19200 -6.22000
v 4.26000 12.31200 -6.22000
v 2.94000 12.31200 -6.22000
v 3.54000 11.51200 -6.38000
v 3.66000 11.51200 -6.38000
v 3.66000 12.99200 -6.38000
v 3.54000 12.99200 -6.38000
v 3.54000 11.51200 -6.22000
v 3.66000 11.51200 -6.22000
v 3.66000 12.99200 -6.22000
v 3.54000 12.99200 -6.22000
v 2.88000 11.51200 -6.38000
v 3.00000 11.51200 -6.38000
v 3.00000 12.99200 -6.38000
v 2.88000 12.99200 -6.38000
v 2.88000 11.51200 -6.22000
v 3.00000 11.51200 -6.22000
v 3.00000 12.99200 -6.22000
v 2.88000 12.99200 -6.22000
v 4.20000 11.51200 -6.38000
v 4.32000 11.51200 -6.38000
v 4.32000 12.99200 -6.38000
v 4.20000 12.99200 -6.38000
v 4.20000 11.51200 -6.22000
v 4.32000 11.51200 -6.22000
v 4.32000 12.99200 -6.22000
v 4.20000 12.99200 -6.22000
v 2.90000 11.42200 -6.42000
v 4.30000 11.42200 -6.42000
v 4.30000 11.56200 -6.42000
v 2.90000 11.56200 -6.42000
v 2.90000 11.42200 -6.18000
v 4.30000 11.42200 -6.18000
v 4.30000 11.56200 -6.18000
v 2.90000 11.56200 -6.18000
v 2.61240 11.66320 -6.40000
v 2.95240 11.66320 -6.40000
v 2.95240 12.84080 -6.40000
v 2.61240 12.84080 -6.40000
v 2.61240 11.66320 -6.32000
v 2.95240 11.66320 -6.32000
v 2.95240 12.84080 -6.32000
v 2.61240 12.84080 -6.32000
v 4.24760 11.66320 -6.40000
v 4.58760 11.66320 -6.40000
v 4.58760 12.84080 -6.40000
v 4.24760 12.84080 -6.40000
v 4.24760 11.66320 -6.32000
v 4.58760 11.66320 -6.32000
v 4.58760 12.84080 -6.32000
v 4.24760 12.84080 -6.32000
v -6.24000 11.62700 -3.52500
v -6.16000 11.62700 -3.52500
v -6.16000 12.87700 -3.52500
v -6.24000 12.87700 -3.52500
v -6.24000 11.62700 -2.47500
v -6.16000 11.62700 -2.47500
v -6.16000 12.87700 -2.47500
v -6.24000 12.87700 -2.47500
v 6.16000 11.62700 -3.52500
v 6.24000 11.62700 -3.52500
v 6.24000 12.87700 -3.52500
v 6.16000 12.87700 -3.52500
v 6.16000 11.62700 -2.47500
v 6.24000 11.62700 -2.47500
v 6.24000 12.87700 -2.47500
v 6.16000 12.87700 -2.47500
v -6.24000 11.62700 2.47500
v -6.16000 11.62700 2.47500
v -6.16000 12.87700 2.47500
v -6.24000 12.87700 2.47500
v -6.24000 11.62700 3.52500
v -6.16000 11.62700 3.52500
v -6.16000 12.87700 3.52500
v -6.24000 12.87700 3.52500
v 6.16000 11.62700 2.47500
v 6.24000 11.62700 2.47500
v 6.24000 12.87700 2.47500
v 6.16000 12.87700 2.47500
v 6.16000 11.62700 3.52500
v 6.24000 11.62700 3.52500
v 6.24000 12.87700 3.52500
v 6.16000 12.87700 3.52500
v -3.93626 9.59000 -6.27309
v -3.81691 9.59000 -6.34626
v -3.81691 14.65000 -6.34626
v -3.93626 14.65000 -6.27309
v -3.86309 9.59000 -6.15374
v -3.74374 9.59000 -6.22691
v -3.74374 14.65000 -6.22691
v -3.86309 14.65000 -6.15374
v 3.81691 9.59000 -6.34626
v 3.93626 9.59000 -6.27309
v 3.93626 14.65000 -6.27309
v 3.81691 14.65000 -6.34626
v 3.74374 9.59000 -6.22691
v 3.86309 9.59000 -6.15374
v 3.86309 14.65000 -6.15374
v 3.74374 14.65000 -6.22691
v -6.45000 14.24393 -6.42523
v 6.45000 14.24393 -6.42523
v 6.45000 14.39607 -6.47477
v -6.45000 14.39607 -6.47477
v -6.45000 16.34393 0.02477
v 6.45000 16.34393 0.02477
v 6.45000 16.49607 -0.02477
v -6.45000 16.49607 -0.02477
v -6.45000 14.39607 6.47477
v 6.45000 14.39607 6.47477
v 6.45000 14.24393 6.42523
v -6.45000 14.24393 6.42523
v -6.45000 16.49607 0.02477
v 6.45000 16.49607 0.02477
v 6.45000 16.34393 -0.02477
v -6.45000 16.34393 -0.02477
v -6.47500 14.30732 -6.35974
v 6.47500 14.30732 -6.35974
v 6.47500 14.38339 -6.38451
v -6.47500 14.38339 -6.38451
v -6.47500 14.33828 -6.26466
v 6.47500 14.33828 -6.26466
v 6.47500 14.41435 -6.28942
v -6.47500 14.41435 -6.28942
v -6.47500 14.38339 6.38451
v 6.47500 14.38339 6.38451
v 6.47500 14.30732 6.35974
v -6.47500 14.30732 6.35974
v -6.47500 14.41435 6.28942
v 6.47500 14.41435 6.28942
v 6.47500 14.33828 6.26466
v -6.47500 14.33828 6.26466
v -6.47500 14.42399 -6.00141
v 6.47500 14.42399 -6.00141
v 6.47500 14.50006 -6.02618
v -6.47500 14.50006 -6.02618
v -6.47500 14.45494 -5.90632
v 6.47500 14.45494 -5.90632
v 6.47500 14.53101 -5.93109
v -6.47500 14.53101 -5.93109
v -6.47500 14.50006 6.02618
v 6.47500 14.50006 6.02618
v 6.47500 14.42399 6.00141
v -6.47500 14.42399 6.00141
v -6.47500 14.53101 5.93109
v 6.47500 14.53101 5.93109
v 6.47500 14.45494 5.90632
v -6.47500 14.45494 5.90632
v -6.47500 14.54065 -5.64308
v 6.47500 14.54065 -5.64308
v 6.47500 14.61672 -5.66784
v -6.47500 14.61672 -5.66784
v -6.47500 14.57161 -5.54799
v 6.47500 14.57161 -5.54799
v 6.47500 14.64768 -5.57276
v -6.47500 14.64768 -5.57276
v -6.47500 14.61672 5.66784
v 6.47500 14.61672 5.66784
v 6.47500 14.54065 5.64308
v -6.47500 14.54065 5.64308
v -6.47500 14.64768 5.57276
v 6.47500 14.64768 5.57276
v 6.47500 14.57161 5.54799
v -6.47500 14.57161 5.54799
v -6.47500 14.65732 -5.28474
v 6.47500 14.65732 -5.28474
v 6.47500 14.73339 -5.30951
v -6.47500 14.73339 -5.30951
v -6.47500 14.68828 -5.18966
v 6.47500 14.68828 -5.18966
v 6.47500 14.76435 -5.21442
v -6.47500 14.76435 -5.21442
v -6.47500 14.73339 5.30951
v 6.47500 14.73339 5.30951
v 6.47500 14.65732 5.28474
v -6.47500 14.65732 5.28474
v -6.47500 14.76435 5.21442
v 6.47500 14.76435 5.21442
v 6.47500 14.68828 5.18966
v -6.47500 14.68828 5.18966
v -6.47500 14.77399 -4.92641
v 6.47500 14.77399 -4.92641
v 6.47500 14.85006 -4.95118
v -6.47500 14.85006 -4.95118
v -6.47500 14.80494 -4.83132
v 6.47500 14.80494 -4.83132
v 6.47500 14.88101 -4.85609
v -6.47500 14.88101 -4.85609
v -6.47500 14.85006 4.95118
v 6.47500 14.85006 4.95118
v 6.47500 14.77399 4.92641
v -6.47500 14.77399 4.92641
v -6.47500 14.88101 4.85609
v 6.47500 14.88101 4.85609
v 6.47500 14.80494 4.83132
v -6.47500 14.80494 4.83132
v -6.47500 14.89065 -4.56808
v 6.47500 14.89065 -4.56808
v 6.47500 14.96672 -4.59284
v -6.47500 14.96672 -4.59284
v -6.47500 14.92161 -4.47299
v 6.47500 14.92161 -4.47299
v 6.47500 14.99768 -4.49776
v -6.47500 14.99768 -4.49776
v -6.47500 14.96672 4.59284
v 6.47500 14.96672 4.59284
v 6.47500 14.89065 4.56808
v -6.47500 14.89065 4.56808
v -6.47500 14.99768 4.49776
v 6.47500 14.99768 4.49776
v 6.47500 14.92161 4.47299
v -6.47500 14.92161 4.47299
v -6.47500 15.00732 -4.20974
v 6.47500 15.00732 -4.20974
v 6.47500 15.08339 -4.23451
v -6.47500 15.08339 -4.23451
v -6.47500 15.03828 -4.11466
v 6.47500 15.03828 -4.11466
v 6.47500 15.11435 -4.13942
v -6.47500 15.11435 -4.13942
v -6.47500 15.08339 4.23451
v 6.47500 15.08339 4.23451
v 6.47500 15.00732 4.20974
v -6.47500 15.00732 4.20974
v -6.47500 15.11435 4.13942
v 6.47500 15.11435 4.13942
v 6.47500 15.03828 4.11466
v -6.47500 15.03828 4.11466
v -6.47500 15.12399 -3.85141
v 6.47500 15.12399 -3.85141
v 6.47500 15.20006 -3.87618
v -6.47500 15.20006 -3.87618
v -6.47500 15.15494 -3.75632
v 6.47500 15.15494 -3.75632
v 6.47500 15.23101 -3.78109
v -6.47500 15.23101 -3.78109
v -6.47500 15.20006 3.87618
v 6.47500 15.20006 3.87618
v 6.47500 15.12399 3.85141
v -6.47500 15.12399 3.85141
v -6.47500 15.23101 3.78109
v 6.47500 15.23101 3.78109
v 6.47500 15.15494 3.75632
v -6.47500 15.15494 3.75632
v -6.47500 15.24065 -3.49308
v 6.47500 15.24065 -3.49308
v 6.47500 15.31672 -3.51784
v -6.47500 15.31672 -3.51784
v -6.47500 15.27161 -3.39799
v 6.47500 15.27161 -3.39799
v 6.47500 15.34768 -3.42276
v -6.47500 15.34768 -3.42276
v -6.47500 15.31672 3.51784
v 6.47500 15.31672 3.51784
v 6.47500 15.24065 3.49308
v -6.47500 15.24065 3.49308
v -6.47500 15.34768 3.42276
v 6.47500 15.34768 3.42276
v 6.47500 15.27161 3.39799
v -6.47500 15.27161 3.39799
v -6.47500 15.35732 -3.13474
v 6.47500 15.35732 -3.13474
v 6.47500 15.43339 -3.15951
v -6.47500 15.43339 -3.15951
v -6.47500 15.38828 -3.03966
v 6.47500 15.38828 -3.03966
v 6.47500 15.46435 -3.06442
v -6.47500 15.46435 -3.06442
v -6.47500 15.43339 3.15951
v 6.47500 15.43339 3.15951
v 6.47500 15.35732 3.13474
v -6.47500 15.35732 3.13474
v -6.47500 15.46435 3.06442
v 6.47500 15.46435 3.06442
v 6.47500 15.38828 3.03966
v -6.47500 15.38828 3.03966
v -6.47500 15.47399 -2.77641
v 6.47500 15.47399 -2.77641
v 6.47500 15.55006 -2.80118
v -6.47500 15.55006 -2.80118
v -6.47500 15.50494 -2.68132
v 6.47500 15.50494 -2.68132
v 6.47500 15.58101 -2.70609
v -6.47500 15.58101 -2.70609
v -6.47500 15.55006 2.80118
v 6.47500 15.55006 2.80118
v 6.47500 15.47399 2.77641
v -6.47500 15.47399 2.77641
v -6.47500 15.58101 2.70609
v 6.47500 15.58101 2.70609
v 6.47500 15.50494 2.68132
v -6.47500 15.50494 2.68132
v -6.47500 15.59065 -2.41808
v 6.47500 15.59065 -2.41808
v 6.47500 15.66672 -2.44284
v -6.47500 15.66672 -2.44284
v -6.47500 15.62161 -2.32299
v 6.47500 15.62161 -2.32299
v 6.47500 15.69768 -2.34776
v -6.47500 15.69768 -2.34776
v -6.47500 15.66672 2.44284
v 6.47500 15.66672 2.44284
v 6.47500 15.59065 2.41808
v -6.47500 15.59065 2.41808
v -6.47500 15.69768 2.34776
v 6.47500 15.69768 2.34776
v 6.47500 15.62161 2.32299
v -6.47500 15.62161 2.32299
v -6.47500 15.70732 -2.05974
v 6.47500 15.70732 -2.05974
v 6.47500 15.78339 -2.08451
v -6.47500 15.78339 -2.08451
v -6.47500 15.73828 -1.96466
v 6.47500 15.73828 -1.96466
v 6.47500 15.81435 -1.98942
v -6.47500 15.81435 -1.98942
v -6.47500 15.78339 2.08451
v 6.47500 15.78339 2.08451
v 6.47500 15.70732 2.05974
v -6.47500 15.70732 2.05974
v -6.47500 15.81435 1.98942
v 6.47500 15.81435 1.98942
v 6.47500 15.73828 1.96466
v -6.47500 15.73828 1.96466
v -6.47500 15.82399 -1.70141
v 6.47500 15.82399 -1.70141
v 6.47500 15.90006 -1.72618
v -6.47500 15.90006 -1.72618
v -6.47500 15.85494 -1.60632
v 6.47500 15.85494 -1.60632
v 6.47500 15.93101 -1.63109
v -6.47500 15.93101 -1.63109
v -6.47500 15.90006 1.72618
v 6.47500 15.90006 1.72618
v 6.47500 15.82399 1.70141
v -6.47500 15.82399 1.70141
v -6.47500 15.93101 1.63109
v 6.47500 15.93101 1.63109
v 6.47500 15.85494 1.60632
v -6.47500 15.85494 1.60632
v -6.47500 15.94065 -1.34308
v 6.47500 15.94065 -1.34308
v 6.47500 16.01672 -1.36784
v -6.47500 16.01672 -1.36784
v -6.47500 15.97161 -1.24799
v 6.47500 15.97161 -1.24799
v 6.47500 16.04768 -1.27276
v -6.47500 16.04768 -1.27276
v -6.47500 16.01672 1.36784
v 6.47500 16.01672 1.36784
v 6.47500 15.94065 1.34308
v -6.47500 15.94065 1.34308
v -6.47500 16.04768 1.27276
v 6.47500 16.04768 1.27276
v 6.47500 15.97161 1.24799
v -6.47500 15.97161 1.24799
v -6.47500 16.05732 -0.98474
v 6.47500 16.05732 -0.98474
v 6.47500 16.13339 -1.00951
v -6.47500 16.13339 -1.00951
v -6.47500 16.08828 -0.88966
v 6.47500 16.08828 -0.88966
v 6.47500 16.16435 -0.91442
v -6.47500 16.16435 -0.91442
v -6.47500 16.13339 1.00951
v 6.47500 16.13339 1.00951
v 6.47500 16.05732 0.98474
v -6.47500 16.05732 0.98474
v -6.47500 16.16435 0.91442
v 6.47500 16.16435 0.91442
v 6.47500 16.08828 0.88966
v -6.47500 16.08828 0.88966
v -6.47500 16.17399 -0.62641
v 6.47500 16.17399 -0.62641
v 6.47500 16.25006 -0.65118
v -6.47500 16.25006 -0.65118
v -6.47500 16.20494 -0.53132
v 6.47500 16.20494 -0.53132
v 6.47500 16.28101 -0.55609
v -6.47500 16.28101 -0.55609
v -6.47500 16.25006 0.65118
v 6.47500 16.25006 0.65118
v 6.47500 16.17399 0.62641
v -6.47500 16.17399 0.62641
v -6.47500 16.28101 0.55609
v 6.47500 16.28101 0.55609
v 6.47500 16.20494 0.53132
v -6.47500 16.20494 0.53132
v -6.47500 16.29065 -0.26808
v 6.47500 16.29065 -0.26808
v 6.47500 16.36672 -0.29284
v -6.47500 16.36672 -0.29284
v -6.47500 16.32161 -0.17299
v 6.47500 16.32161 -0.17299
v 6.47500 16.39768 -0.19776
v -6.47500 16.39768 -0.19776
v -6.47500 16.36672 0.29284
v 6.47500 16.36672 0.29284
v 6.47500 16.29065 0.26808
v -6.47500 16.29065 0.26808
v -6.47500 16.39768 0.19776
v 6.47500 16.39768 0.19776
v 6.47500 16.32161 0.17299
v -6.47500 16.32161 0.17299
v -6.22500 16.42000 0.12000
v 6.22500 16.42000 0.12000
v -6.22500 16.37408 0.11087
v 6.22500 16.37408 0.11087
v -6.22500 16.33515 0.08485
v 6.22500 16.33515 0.08485
v -6.22500 16.30913 0.04592
v 6.22500 16.30913 0.04592
v -6.22500 16.30000 0.00000
v 6.22500 16.30000 0.00000
v -6.22500 16.30913 -0.04592
v 6.22500 16.30913 -0.04592
v -6.22500 16.33515 -0.08485
v 6.22500 16.33515 -0.08485
v -6.22500 16.37408 -0.11087
v 6.22500 16.37408 -0.11087
v -6.22500 16.42000 -0.12000
v 6.22500 16.42000 -0.12000
v -6.22500 16.46592 -0.11087
v 6.22500 16.46592 -0.11087
v -6.22500 16.50485 -0.08485
v 6.22500 16.50485 -0.08485
v -6.22500 16.53087 -0.04592
v 6.22500 16.53087 -0.04592
v -6.22500 16.54000 -0.00000
v 6.22500 16.54000 -0.00000
v -6.22500 16.53087 0.04592
v 6.22500 16.53087 0.04592
v -6.22500 16.50485 0.08485
v 6.22500 16.50485 0.08485
v -6.22500 16.46592 0.11087
v 6.22500 16.46592 0.11087
v -6.45000 14.19000 -6.53000
v 6.45000 14.19000 -6.53000
v 6.45000 14.35000 -6.53000
v -6.45000 14.35000 -6.53000
v -6.45000 14.19000 -6.37000
v 6.45000 14.19000 -6.37000
v 6.45000 14.35000 -6.37000
v -6.45000 14.35000 -6.37000
v -6.45000 14.19000 6.37000
v 6.45000 14.19000 6.37000
v 6.45000 14.35000 6.37000
v -6.45000 14.35000 6.37000
v -6.45000 14.19000 6.53000
v 6.45000 14.19000 6.53000
v 6.45000 14.35000 6.53000
v -6.45000 14.35000 6.53000
v -3.63500 15.47000 1.52500
v -3.08500 15.47000 1.52500
v -3.08500 17.27000 1.52500
v -3.63500 17.27000 1.52500
v -3.63500 15.47000 2.07500
v -3.08500 15.47000 2.07500
v -3.08500 17.27000 2.07500
v -3.63500 17.27000 2.07500
v -3.72000 17.23000 1.44000
v -3.00000 17.23000 1.44000
v -3.00000 17.41000 1.44000
v -3.72000 17.41000 1.44000
v -3.72000 17.23000 2.16000
v -3.00000 17.23000 2.16000
v -3.00000 17.41000 2.16000
v -3.72000 17.41000 2.16000
v -3.54000 17.40000 1.62000
v -3.18000 17.40000 1.62000
v -3.18000 17.50000 1.62000
v -3.54000 17.50000 1.62000
v -3.54000 17.40000 1.98000
v -3.18000 17.40000 1.98000
v -3.18000 17.50000 1.98000
v -3.54000 17.50000 1.98000
v 3.60000 15.37000 1.28000
v 3.60000 16.82000 1.28000
v 3.53877 15.37000 1.29218
v 3.53877 16.82000 1.29218
v 3.48686 15.37000 1.32686
v 3.48686 16.82000 1.32686
v 3.45218 15.37000 1.37877
v 3.45218 16.82000 1.37877
v 3.44000 15.37000 1.44000
v 3.44000 16.82000 1.44000
v 3.45218 15.37000 1.50123
v 3.45218 16.82000 1.50123
v 3.48686 15.37000 1.55314
v 3.48686 16.82000 1.55314
v 3.53877 15.37000 1.58782
v 3.53877 16.82000 1.58782
v 3.60000 15.37000 1.60000
v 3.60000 16.82000 1.60000
v 3.66123 15.37000 1.58782
v 3.66123 16.82000 1.58782
v 3.71314 15.37000 1.55314
v 3.71314 16.82000 1.55314
v 3.74782 15.37000 1.50123
v 3.74782 16.82000 1.50123
v 3.76000 15.37000 1.44000
v 3.76000 16.82000 1.44000
v 3.74782 15.37000 1.37877
v 3.74782 16.82000 1.37877
v 3.71314 15.37000 1.32686
v 3.71314 16.82000 1.32686
v 3.66123 15.37000 1.29218
v 3.66123 16.82000 1.29218
v 3.35000 16.82000 1.62000
v 3.85000 16.82000 1.62000
v 3.35000 16.73000 1.59588
v 3.85000 16.73000 1.59588
v 3.35000 16.66412 1.53000
v 3.85000 16.66412 1.53000
v 3.35000 16.64000 1.44000
v 3.85000 16.64000 1.44000
v 3.35000 16.66412 1.35000
v 3.85000 16.66412 1.35000
v 3.35000 16.73000 1.28412
v 3.85000 16.73000 1.28412
v 3.35000 16.82000 1.26000
v 3.85000 16.82000 1.26000
v 3.35000 16.91000 1.28412
v 3.85000 16.91000 1.28412
v 3.35000 16.97588 1.35000
v 3.85000 16.97588 1.35000
v 3.35000 17.00000 1.44000
v 3.85000 17.00000 1.44000
v 3.35000 16.97588 1.53000
v 3.85000 16.97588 1.53000
v 3.35000 16.91000 1.59588
v 3.85000 16.91000 1.59588
v -5.55000 3.65000 -6.36500
v -4.75000 3.65000 -6.36500
v -5.55000 3.61767 -6.37550
v -4.75000 3.61767 -6.37550
v -5.55000 3.59769 -6.40300
v -4.75000 3.59769 -6.40300
v -5.55000 3.59769 -6.43700
v -4.75000 3.59769 -6.43700
v -5.55000 3.61767 -6.46450
v -4.75000 3.61767 -6.46450
v -5.55000 3.65000 -6.47500
v -4.75000 3.65000 -6.47500
v -5.55000 3.68233 -6.46450
v -4.75000 3.68233 -6.46450
v -5.55000 3.70231 -6.43700
v -4.75000 3.70231 -6.43700
v -5.55000 3.70231 -6.40300
v -4.75000 3.70231 -6.40300
v -5.55000 3.68233 -6.37550
v -4.75000 3.68233 -6.37550
v -4.97500 3.19000 -6.48000
v -4.32500 3.19000 -6.48000
v -4.32500 3.61000 -6.48000
v -4.97500 3.61000 -6.48000
v -4.97500 3.19000 -6.42000
v -4.32500 3.19000 -6.42000
v -4.32500 3.61000 -6.42000
v -4.97500 3.61000 -6.42000
v 5.35000 3.35000 -6.47500
v 5.35000 3.95000 -6.47500
v 5.32250 3.35000 -6.46763
v 5.32250 3.95000 -6.46763
v 5.30237 3.35000 -6.44750
v 5.30237 3.95000 -6.44750
v 5.29500 3.35000 -6.42000
v 5.29500 3.95000 -6.42000
v 5.30237 3.35000 -6.39250
v 5.30237 3.95000 -6.39250
v 5.32250 3.35000 -6.37237
v 5.32250 3.95000 -6.37237
v 5.35000 3.35000 -6.36500
v 5.35000 3.95000 -6.36500
v 5.37750 3.35000 -6.37237
v 5.37750 3.95000 -6.37237
v 5.39763 3.35000 -6.39250
v 5.39763 3.95000 -6.39250
v 5.40500 3.35000 -6.42000
v 5.40500 3.95000 -6.42000
v 5.39763 3.35000 -6.44750
v 5.39763 3.95000 -6.44750
v 5.37750 3.35000 -6.46763
v 5.37750 3.95000 -6.46763
v 5.35000 3.33000 -6.44000
v 5.35000 3.33000 -6.44000
v 5.35000 3.33000 -6.44000
v 5.35000 3.33000 -6.44000
v 5.35000 3.33000 -6.44000
v 5.35000 3.33000 -6.44000
v 5.35000 3.33000 -6.44000
v 5.35000 3.33000 -6.44000
v 5.35000 3.33000 -6.44000
v 5.35000 3.33000 -6.44000
v 5.35000 3.33000 -6.44000
v 5.35000 3.33000 -6.44000
v 5.45580 3.29562 -6.44000
v 5.44163 3.29562 -6.38710
v 5.40290 3.29562 -6.34837
v 5.35000 3.29562 -6.33420
v 5.29710 3.29562 -6.34837
v 5.25837 3.29562 -6.38710
v 5.24420 3.29562 -6.44000
v 5.25837 3.29562 -6.49290
v 5.29710 3.29562 -6.53163
v 5.35000 3.29562 -6.54580
v 5.40290 3.29562 -6.53163
v 5.44163 3.29562 -6.49290
v 5.52119 3.20562 -6.44000
v 5.49826 3.20562 -6.35440
v 5.43560 3.20562 -6.29174
v 5.35000 3.20562 -6.26881
v 5.26440 3.20562 -6.29174
v 5.20174 3.20562 -6.35440
v 5.17881 3.20562 -6.44000
v 5.20174 3.20562 -6.52560
v 5.26440 3.20562 -6.58826
v 5.35000 3.20562 -6.61119
v 5.43560 3.20562 -6.58826
v 5.49826 3.20562 -6.52560
v 5.52119 3.09438 -6.44000
v 5.49826 3.09438 -6.35440
v 5.43560 3.09438 -6.29174
v 5.35000 3.09438 -6.26881
v 5.26440 3.09438 -6.29174
v 5.20174 3.09438 -6.35440
v 5.17881 3.09438 -6.44000
v 5.20174 3.09438 -6.52560
v 5.26440 3.09438 -6.58826
v 5.35000 3.09438 -6.61119
v 5.43560 3.09438 -6.58826
v 5.49826 3.09438 -6.52560
v 5.45580 3.00438 -6.44000
v 5.44163 3.00438 -6.38710
v 5.40290 3.00438 -6.34837
v 5.35000 3.00438 -6.33420
v 5.29710 3.00438 -6.34837
v 5.25837 3.00438 -6.38710
v 5.24420 3.00438 -6.44000
v 5.25837 3.00438 -6.49290
v 5.29710 3.00438 -6.53163
v 5.35000 3.00438 -6.54580
v 5.40290 3.00438 -6.53163
v 5.44163 3.00438 -6.49290
v 5.35000 2.97000 -6.44000
v 5.35000 2.97000 -6.44000
v 5.35000 2.97000 -6.44000
v 5.35000 2.97000 -6.44000
v 5.35000 2.97000 -6.44000
v 5.35000 2.97000 -6.44000
v 5.35000 2.97000 -6.44000
v 5.35000 2.97000 -6.44000
v 5.35000 2.97000 -6.44000
v 5.35000 2.97000 -6.44000
v 5.35000 2.97000 -6.44000
v 5.35000 2.97000 -6.44000
g stone_plinth_base
usemtl Mat_StoneFoundation
f 1 2 3 4
f 5 8 7 6
f 1 5 6 2
f 2 6 7 3
f 3 7 8 4
f 4 8 5 1
g stone_plinth_raised
f 9 10 11 12
f 13 16 15 14
f 9 13 14 10
f 10 14 15 11
f 11 15 16 12
f 12 16 13 9
g stone_block_front_0
f 17 18 19 20
f 21 24 23 22
f 17 21 22 18
f 18 22 23 19
f 19 23 24 20
f 20 24 21 17
g stone_block_front_1
f 25 26 27 28
f 29 32 31 30
f 25 29 30 26
f 26 30 31 27
f 27 31 32 28
f 28 32 29 25
g stone_block_front_2
f 33 34 35 36
f 37 40 39 38
f 33 37 38 34
f 34 38 39 35
f 35 39 40 36
f 36 40 37 33
g stone_block_front_3
f 41 42 43 44
f 45 48 47 46
f 41 45 46 42
f 42 46 47 43
f 43 47 48 44
f 44 48 45 41
g stone_block_front_4
f 49 50 51 52
f 53 56 55 54
f 49 53 54 50
f 50 54 55 51
f 51 55 56 52
f 52 56 53 49
g stone_block_front_5
f 57 58 59 60
f 61 64 63 62
f 57 61 62 58
f 58 62 63 59
f 59 63 64 60
f 60 64 61 57
g stone_block_front_6
f 65 66 67 68
f 69 72 71 70
f 65 69 70 66
f 66 70 71 67
f 67 71 72 68
f 68 72 69 65
g stone_block_front_7
f 73 74 75 76
f 77 80 79 78
f 73 77 78 74
f 74 78 79 75
f 75 79 80 76
f 76 80 77 73
g stone_block_front_8
f 81 82 83 84
f 85 88 87 86
f 81 85 86 82
f 82 86 87 83
f 83 87 88 84
f 84 88 85 81
g stone_block_front_9
f 89 90 91 92
f 93 96 95 94
f 89 93 94 90
f 90 94 95 91
f 91 95 96 92
f 92 96 93 89
g stone_block_back_0
f 97 98 99 100
f 101 104 103 102
f 97 101 102 98
f 98 102 103 99
f 99 103 104 100
f 100 104 101 97
g stone_block_back_1
f 105 106 107 108
f 109 112 111 110
f 105 109 110 106
f 106 110 111 107
f 107 111 112 108
f 108 112 109 105
g stone_block_back_2
f 113 114 115 116
f 117 120 119 118
f 113 117 118 114
f 114 118 119 115
f 115 119 120 116
f 116 120 117 113
g stone_block_back_3
f 121 122 123 124
f 125 128 127 126
f 121 125 126 122
f 122 126 127 123
f 123 127 128 124
f 124 128 125 121
g stone_block_back_4
f 129 130 131 132
f 133 136 135 134
f 129 133 134 130
f 130 134 135 131
f 131 135 136 132
f 132 136 133 129
g stone_block_back_5
f 137 138 139 140
f 141 144 143 142
f 137 141 142 138
f 138 142 143 139
f 139 143 144 140
f 140 144 141 137
g stone_block_back_6
f 145 146 147 148
f 149 152 151 150
f 145 149 150 146
f 146 150 151 147
f 147 151 152 148
f 148 152 149 145
g stone_block_back_7
f 153 154 155 156
f 157 160 159 158
f 153 157 158 154
f 154 158 159 155
f 155 159 160 156
f 156 160 157 153
g stone_block_back_8
f 161 162 163 164
f 165 168 167 166
f 161 165 166 162
f 162 166 167 163
f 163 167 168 164
f 164 168 165 161
g stone_block_back_9
f 169 170 171 172
f 173 176 175 174
f 169 173 174 170
f 170 174 175 171
f 171 175 176 172
f 172 176 173 169
g stone_block_left_0
f 177 178 179 180
f 181 184 183 182
f 177 181 182 178
f 178 182 183 179
f 179 183 184 180
f 180 184 181 177
g stone_block_left_1
f 185 186 187 188
f 189 192 191 190
f 185 189 190 186
f 186 190 191 187
f 187 191 192 188
f 188 192 189 185
g stone_block_left_2
f 193 194 195 196
f 197 200 199 198
f 193 197 198 194
f 194 198 199 195
f 195 199 200 196
f 196 200 197 193
g stone_block_left_3
f 201 202 203 204
f 205 208 207 206
f 201 205 206 202
f 202 206 207 203
f 203 207 208 204
f 204 208 205 201
g stone_block_left_4
f 209 210 211 212
f 213 216 215 214
f 209 213 214 210
f 210 214 215 211
f 211 215 216 212
f 212 216 213 209
g stone_block_left_5
f 217 218 219 220
f 221 224 223 222
f 217 221 222 218
f 218 222 223 219
f 219 223 224 220
f 220 224 221 217
g stone_block_left_6
f 225 226 227 228
f 229 232 231 230
f 225 229 230 226
f 226 230 231 227
f 227 231 232 228
f 228 232 229 225
g stone_block_left_7
f 233 234 235 236
f 237 240 239 238
f 233 237 238 234
f 234 238 239 235
f 235 239 240 236
f 236 240 237 233
g stone_block_left_8
f 241 242 243 244
f 245 248 247 246
f 241 245 246 242
f 242 246 247 243
f 243 247 248 244
f 244 248 245 241
g stone_block_left_9
f 249 250 251 252
f 253 256 255 254
f 249 253 254 250
f 250 254 255 251
f 251 255 256 252
f 252 256 253 249
g stone_block_right_0
f 257 258 259 260
f 261 264 263 262
f 257 261 262 258
f 258 262 263 259
f 259 263 264 260
f 260 264 261 257
g stone_block_right_1
f 265 266 267 268
f 269 272 271 270
f 265 269 270 266
f 266 270 271 267
f 267 271 272 268
f 268 272 269 265
g stone_block_right_2
f 273 274 275 276
f 277 280 279 278
f 273 277 278 274
f 274 278 279 275
f 275 279 280 276
f 276 280 277 273
g stone_block_right_3
f 281 282 283 284
f 285 288 287 286
f 281 285 286 282
f 282 286 287 283
f 283 287 288 284
f 284 288 285 281
g stone_block_right_4
f 289 290 291 292
f 293 296 295 294
f 289 293 294 290
f 290 294 295 291
f 291 295 296 292
f 292 296 293 289
g stone_block_right_5
f 297 298 299 300
f 301 304 303 302
f 297 301 302 298
f 298 302 303 299
f 299 303 304 300
f 300 304 301 297
g stone_block_right_6
f 305 306 307 308
f 309 312 311 310
f 305 309 310 306
f 306 310 311 307
f 307 311 312 308
f 308 312 309 305
g stone_block_right_7
f 313 314 315 316
f 317 320 319 318
f 313 317 318 314
f 314 318 319 315
f 315 319 320 316
f 316 320 317 313
g stone_block_right_8
f 321 322 323 324
f 325 328 327 326
f 321 325 326 322
f 322 326 327 323
f 323 327 328 324
f 324 328 325 321
g stone_block_right_9
f 329 330 331 332
f 333 336 335 334
f 329 333 334 330
f 330 334 335 331
f 331 335 336 332
f 332 336 333 329
g GalakasMidCity_CornerHouseTall_W06D06_F01_R01U01x2L01_A01_lower_front_left_wall
usemtl Mat_BrickWall
f 337 338 339 340
f 341 344 343 342
f 337 341 342 338
f 338 342 343 339
f 339 343 344 340
f 340 344 341 337
g GalakasMidCity_CornerHouseTall_W06D06_F01_R01U01x2L01_A01_lower_front_right_wall
f 345 346 347 348
f 349 352 351 350
f 345 349 350 346
f 346 350 351 347
f 347 351 352 348
f 348 352 349 345
g GalakasMidCity_CornerHouseTall_W06D06_F01_R01U01x2L01_A01_lower_front_above_door
f 353 354 355 356
f 357 360 359 358
f 353 357 358 354
f 354 358 359 355
f 355 359 360 356
f 356 360 357 353
g GalakasMidCity_CornerHouseTall_W06D06_F01_R01U01x2L01_A01_lower_main_door_slab
usemtl Mat_WoodDark
f 361 362 363 364
f 365 368 367 366
f 361 365 366 362
f 362 366 367 363
f 363 367 368 364
f 364 368 365 361
g GalakasMidCity_CornerHouseTall_W06D06_F01_R01U01x2L01_A01_lower_main_door_plank_0
usemtl Mat_WoodWeathered
f 369 370 371 372
f 373 376 375 374
f 369 373 374 370
f 370 374 375 371
f 371 375 376 372
f 372 376 373 369
g GalakasMidCity_CornerHouseTall_W06D06_F01_R01U01x2L01_A01_lower_main_door_plank_1
f 377 378 379 380
f 381 384 383 382
f 377 381 382 378
f 378 382 383 379
f 379 383 384 380
f 380 384 381 377
g GalakasMidCity_CornerHouseTall_W06D06_F01_R01U01x2L01_A01_lower_main_door_plank_2
f 385 386 387 388
f 389 392 391 390
f 385 389 390 386
f 386 390 391 387
f 387 391 392 388
f 388 392 389 385
g GalakasMidCity_CornerHouseTall_W06D06_F01_R01U01x2L01_A01_lower_main_door_plank_3
f 393 394 395 396
f 397 400 399 398
f 393 397 398 394
f 394 398 399 395
f 395 399 400 396
f 396 400 397 393
g GalakasMidCity_CornerHouseTall_W06D06_F01_R01U01x2L01_A01_lower_main_door_plank_4
f 401 402 403 404
f 405 408 407 406
f 401 405 406 402
f 402 406 407 403
f 403 407 408 404
f 404 408 405 401
g GalakasMidCity_CornerHouseTall_W06D06_F01_R01U01x2L01_A01_lower_main_door_frame_l
usemtl Mat_WoodDark
f 409 410 411 412
f 413 416 415 414
f 409 413 414 410
f 410 414 415 411
f 411 415 416 412
f 412 416 413 409
g GalakasMidCity_CornerHouseTall_W06D06_F01_R01U01x2L01_A01_lower_main_door_frame_r
f 417 418 419 420
f 421 424 423 422
f 417 421 422 418
f 418 422 423 419
f 419 423 424 420
f 420 424 421 417
g GalakasMidCity_CornerHouseTall_W06D06_F01_R01U01x2L01_A01_lower_main_door_lintel
f 425 426 427 428
f 429 432 431 430
f 425 429 430 426
f 426 430 431 427
f 427 431 432 428
f 428 432 429 425
g GalakasMidCity_CornerHouseTall_W06D06_F01_R01U01x2L01_A01_lower_main_door_band_0
usemtl Mat_MetalDark
f 433 434 435 436
f 437 440 439 438
f 433 437 438 434
f 434 438 439 435
f 435 439 440 436
f 436 440 437 433
g GalakasMidCity_CornerHouseTall_W06D06_F01_R01U01x2L01_A01_lower_main_door_band_1
f 441 442 443 444
f 445 448 447 446
f 441 445 446 442
f 442 446 447 443
f 443 447 448 444
f 444 448 445 441
g GalakasMidCity_CornerHouseTall_W06D06_F01_R01U01x2L01_A01_lower_main_door_band_2
f 449 450 451 452
f 453 456 455 454
f 449 453 454 450
f 450 454 455 451
f 451 455 456 452
f 452 456 453 449
g GalakasMidCity_CornerHouseTall_W06D06_F01_R01U01x2L01_A01_lower_main_door_hinge_pin_0
f 457 459 460 458
f 459 461 462 460
f 461 463 464 462
f 463 465 466 464
f 465 467 468 466
f 467 469 470 468
f 469 471 472 470
f 471 473 474 472
f 473 475 476 474
f 475 477 478 476
f 477 479 480 478
f 479 457 458 480
g GalakasMidCity_CornerHouseTall_W06D06_F01_R01U01x2L01_A01_lower_main_door_hinge_pin_0_capA
f 479 477 475 473 471 469 467 465 463 461 459 457
g GalakasMidCity_CornerHouseTall_W06D06_F01_R01U01x2L01_A01_lower_main_door_hinge_pin_0_capB
f 458 460 462 464 466 468 470 472 474 476 478 480
g GalakasMidCity_CornerHouseTall_W06D06_F01_R01U01x2L01_A01_lower_main_door_hinge_pin_1
f 481 483 484 482
f 483 485 486 484
f 485 487 488 486
f 487 489 490 488
f 489 491 492 490
f 491 493 494 492
f 493 495 496 494
f 495 497 498 496
f 497 499 500 498
f 499 501 502 500
f 501 503 504 502
f 503 481 482 504
g GalakasMidCity_CornerHouseTall_W06D06_F01_R01U01x2L01_A01_lower_main_door_hinge_pin_1_capA
f 503 501 499 497 495 493 491 489 487 485 483 481
g GalakasMidCity_CornerHouseTall_W06D06_F01_R01U01x2L01_A01_lower_main_door_hinge_pin_1_capB
f 482 484 486 488 490 492 494 496 498 500 502 504
g GalakasMidCity_CornerHouseTall_W06D06_F01_R01U01x2L01_A01_lower_main_door_knob
f 505 506 518 517
f 506 507 519 518
f 507 508 520 519
f 508 509 521 520
f 509 510 522 521
f 510 511 523 522
f 511 512 524 523
f 512 513 525 524
f 513 514 526 525
f 514 515 527 526
f 515 516 528 527
f 516 505 517 528
f 517 518 530 529
f 518 519 531 530
f 519 520 532 531
f 520 521 533 532
f 521 522 534 533
f 522 523 535 534
f 523 524 536 535
f 524 525 537 536
f 525 526 538 537
f 526 527 539 538
f 527 528 540 539
f 528 517 529 540
f 529 530 542 541
f 530 531 543 542
f 531 532 544 543
f 532 533 545 544
f 533 534 546 545
f 534 535 547 546
f 535 536 548 547
f 536 537 549 548
f 537 538 550 549
f 538 539 551 550
f 539 540 552 551
f 540 529 541 552
f 541 542 554 553
f 542 543 555 554
f 543 544 556 555
f 544 545 557 556
f 545 546 558 557
f 546 547 559 558
f 547 548 560 559
f 548 549 561 560
f 549 550 562 561
f 550 551 563 562
f 551 552 564 563
f 552 541 553 564
f 553 554 566 565
f 554 555 567 566
f 555 556 568 567
f 556 557 569 568
f 557 558 570 569
f 558 559 571 570
f 559 560 572 571
f 560 561 573 572
f 561 562 574 573
f 562 563 575 574
f 563 564 576 575
f 564 553 565 576
g GalakasMidCity_CornerHouseTall_W06D06_F01_R01U01x2L01_A01_lower_back_wall
usemtl Mat_BrickWall
f 577 578 579 580
f 581 584 583 582
f 577 581 582 578
f 578 582 583 579
f 579 583 584 580
f 580 584 581 577
g GalakasMidCity_CornerHouseTall_W06D06_F01_R01U01x2L01_A01_lower_left_wall
f 585 586 587 588
f 589 592 591 590
f 585 589 590 586
f 586 590 591 587
f 587 591 592 588
f 588 592 589 585
g GalakasMidCity_CornerHouseTall_W06D06_F01_R01U01x2L01_A01_lower_right_wall
f 593 594 595 596
f 597 600 599 598
f 593 597 598 594
f 594 598 599 595
f 595 599 600 596
f 596 600 597 593
g GalakasMidCity_CornerHouseTall_W06D06_F01_R01U01x2L01_A01_lower_floor_cap
usemtl Mat_WoodDark
f 601 602 603 604
f 605 608 607 606
f 601 605 606 602
f 602 606 607 603
f 603 607 608 604
f 604 608 605 601
g GalakasMidCity_CornerHouseTall_W06D06_F01_R01U01x2L01_A01_lower_ceiling_cap
f 609 610 611 612
f 613 616 615 614
f 609 613 614 610
f 610 614 615 611
f 611 615 616 612
f 612 616 613 609
g GalakasMidCity_CornerHouseTall_W06D06_F01_R01U01x2L01_A01_lower_front_course_89
f 617 618 619 620
f 621 624 623 622
f 617 621 622 618
f 618 622 623 619
f 619 623 624 620
f 620 624 621 617
g GalakasMidCity_CornerHouseTall_W06D06_F01_R01U01x2L01_A01_lower_back_course_89
f 625 626 627 628
f 629 632 631 630
f 625 629 630 626
f 626 630 631 627
f 627 631 632 628
f 628 632 629 625
g GalakasMidCity_CornerHouseTall_W06D06_F01_R01U01x2L01_A01_lower_front_course_534
f 633 634 635 636
f 637 640 639 638
f 633 637 638 634
f 634 638 639 635
f 635 639 640 636
f 636 640 637 633
g GalakasMidCity_CornerHouseTall_W06D06_F01_R01U01x2L01_A01_lower_back_course_534
f 641 642 643 644
f 645 648 647 646
f 641 645 646 642
f 642 646 647 643
f 643 647 648 644
f 644 648 645 641
g GalakasMidCity_CornerHouseTall_W06D06_F01_R01U01x2L01_A01_lower_front_post_-5_9
f 649 650 651 652
f 653 656 655 654
f 649 653 654 650
f 650 654 655 651
f 651 655 656 652
f 652 656 653 649
g GalakasMidCity_CornerHouseTall_W06D06_F01_R01U01x2L01_A01_lower_front_post_5_9
f 657 658 659 660
f 661 664 663 662
f 657 661 662 658
f 658 662 663 659
f 659 663 664 660
f 660 664 661 657
g GalakasMidCity_CornerHouseTall_W06D06_F01_R01U01x2L01_A01_lower_front_post_-3_0
f 665 666 667 668
f 669 672 671 670
f 665 669 670 666
f 666 670 671 667
f 667 671 672 668
f 668 672 669 665
g GalakasMidCity_CornerHouseTall_W06D06_F01_R01U01x2L01_A01_lower_front_post_3_0
f 673 674 675 676
f 677 680 679 678
f 673 677 678 674
f 674 678 679 675
f 675 679 680 676
f 676 680 677 673
g GalakasMidCity_CornerHouseTall_W06D06_F01_R01U01x2L01_A01_lower_back_post_-5_9
f 681 682 683 684
f 685 688 687 686
f 681 685 686 682
f 682 686 687 683
f 683 687 688 684
f 684 688 685 681
g GalakasMidCity_CornerHouseTall_W06D06_F01_R01U01x2L01_A01_lower_back_post_5_9
f 689 690 691 692
f 693 696 695 694
f 689 693 694 690
f 690 694 695 691
f 691 695 696 692
f 692 696 693 689
g GalakasMidCity_CornerHouseTall_W06D06_F01_R01U01x2L01_A01_lower_front_window_0_glass
usemtl Mat_GlassDirty
f 697 698 699 700
f 701 704 703 702
f 697 701 702 698
f 698 702 703 699
f 699 703 704 700
f 700 704 701 697
g GalakasMidCity_CornerHouseTall_W06D06_F01_R01U01x2L01_A01_lower_front_window_0_frame_top
usemtl Mat_WoodDark
f 705 706 707 708
f 709 712 711 710
f 705 709 710 706
f 706 710 711 707
f 707 711 712 708
f 708 712 709 705
g GalakasMidCity_CornerHouseTall_W06D06_F01_R01U01x2L01_A01_lower_front_window_0_frame_mid_v
f 713 714 715 716
f 717 720 719 718
f 713 717 718 714
f 714 718 719 715
f 715 719 720 716
f 716 720 717 713
g GalakasMidCity_CornerHouseTall_W06D06_F01_R01U01x2L01_A01_lower_front_window_0_frame_l
f 721 722 723 724
f 725 728 727 726
f 721 725 726 722
f 722 726 727 723
f 723 727 728 724
f 724 728 725 721
g GalakasMidCity_CornerHouseTall_W06D06_F01_R01U01x2L01_A01_lower_front_window_0_frame_r
f 729 730 731 732
f 733 736 735 734
f 729 733 734 730
f 730 734 735 731
f 731 735 736 732
f 732 736 733 729
g GalakasMidCity_CornerHouseTall_W06D06_F01_R01U01x2L01_A01_lower_front_window_0_sill
f 737 738 739 740
f 741 744 743 742
f 737 741 742 738
f 738 742 743 739
f 739 743 744 740
f 740 744 741 737
g GalakasMidCity_CornerHouseTall_W06D06_F01_R01U01x2L01_A01_lower_front_window_0_shutter_l
usemtl Mat_WoodWeathered
f 745 746 747 748
f 749 752 751 750
f 745 749 750 746
f 746 750 751 747
f 747 751 752 748
f 748 752 749 745
g GalakasMidCity_CornerHouseTall_W06D06_F01_R01U01x2L01_A01_lower_front_window_0_shutter_r
f 753 754 755 756
f 757 760 759 758
f 753 757 758 754
f 754 758 759 755
f 755 759 760 756
f 756 760 757 753
g GalakasMidCity_CornerHouseTall_W06D06_F01_R01U01x2L01_A01_lower_front_window_1_glass
usemtl Mat_GlassDirty
f 761 762 763 764
f 765 768 767 766
f 761 765 766 762
f 762 766 767 763
f 763 767 768 764
f 764 768 765 761
g GalakasMidCity_CornerHouseTall_W06D06_F01_R01U01x2L01_A01_lower_front_window_1_frame_top
usemtl Mat_WoodDark
f 769 770 771 772
f 773 776 775 774
f 769 773 774 770
f 770 774 775 771
f 771 775 776 772
f 772 776 773 769
g GalakasMidCity_CornerHouseTall_W06D06_F01_R01U01x2L01_A01_lower_front_window_1_frame_mid_v
f 777 778 779 780
f 781 784 783 782
f 777 781 782 778
f 778 782 783 779
f 779 783 784 780
f 780 784 781 777
g GalakasMidCity_CornerHouseTall_W06D06_F01_R01U01x2L01_A01_lower_front_window_1_frame_l
f 785 786 787 788
f 789 792 791 790
f 785 789 790 786
f 786 790 791 787
f 787 791 792 788
f 788 792 789 785
g GalakasMidCity_CornerHouseTall_W06D06_F01_R01U01x2L01_A01_lower_front_window_1_frame_r
f 793 794 795 796
f 797 800 799 798
f 793 797 798 794
f 794 798 799 795
f 795 799 800 796
f 796 800 797 793
g GalakasMidCity_CornerHouseTall_W06D06_F01_R01U01x2L01_A01_lower_front_window_1_sill
f 801 802 803 804
f 805 808 807 806
f 801 805 806 802
f 802 806 807 803
f 803 807 808 804
f 804 808 805 801
g GalakasMidCity_CornerHouseTall_W06D06_F01_R01U01x2L01_A01_lower_front_window_1_shutter_l
usemtl Mat_WoodWeathered
f 809 810 811 812
f 813 816 815 814
f 809 813 814 810
f 810 814 815 811
f 811 815 816 812
f 812 816 813 809
g GalakasMidCity_CornerHouseTall_W06D06_F01_R01U01x2L01_A01_lower_front_window_1_shutter_r
f 817 818 819 820
f 821 824 823 822
f 817 821 822 818
f 818 822 823 819
f 819 823 824 820
f 820 824 821 817
g GalakasMidCity_CornerHouseTall_W06D06_F01_R01U01x2L01_A01_brick_front_mortar_0
usemtl Mat_SootyBrick
f 825 826 827 828
f 829 832 831 830
f 825 829 830 826
f 826 830 831 827
f 827 831 832 828
f 828 832 829 825
g GalakasMidCity_CornerHouseTall_W06D06_F01_R01U01x2L01_A01_brick_front_mortar_1
f 833 834 835 836
f 837 840 839 838
f 833 837 838 834
f 834 838 839 835
f 835 839 840 836
f 836 840 837 833
g GalakasMidCity_CornerHouseTall_W06D06_F01_R01U01x2L01_A01_brick_front_mortar_2
f 841 842 843 844
f 845 848 847 846
f 841 845 846 842
f 842 846 847 843
f 843 847 848 844
f 844 848 845 841
g GalakasMidCity_CornerHouseTall_W06D06_F01_R01U01x2L01_A01_brick_front_mortar_3
f 849 850 851 852
f 853 856 855 854
f 849 853 854 850
f 850 854 855 851
f 851 855 856 852
f 852 856 853 849
g GalakasMidCity_CornerHouseTall_W06D06_F01_R01U01x2L01_A01_brick_front_mortar_4
f 857 858 859 860
f 861 864 863 862
f 857 861 862 858
f 858 862 863 859
f 859 863 864 860
f 860 864 861 857
g GalakasMidCity_CornerHouseTall_W06D06_F01_R01U01x2L01_A01_brick_front_mortar_5
f 865 866 867 868
f 869 872 871 870
f 865 869 870 866
f 866 870 871 867
f 867 871 872 868
f 868 872 869 865
g GalakasMidCity_CornerHouseTall_W06D06_F01_R01U01x2L01_A01_brick_front_mortar_6
f 873 874 875 876
f 877 880 879 878
f 873 877 878 874
f 874 878 879 875
f 875 879 880 876
f 876 880 877 873
g GalakasMidCity_CornerHouseTall_W06D06_F01_R01U01x2L01_A01_brick_front_mortar_7
f 881 882 883 884
f 885 888 887 886
f 881 885 886 882
f 882 886 887 883
f 883 887 888 884
f 884 888 885 881
g GalakasMidCity_CornerHouseTall_W06D06_F01_R01U01x2L01_A01_brick_front_mortar_8
f 889 890 891 892
f 893 896 895 894
f 889 893 894 890
f 890 894 895 891
f 891 895 896 892
f 892 896 893 889
g GalakasMidCity_CornerHouseTall_W06D06_F01_R01U01x2L01_A01_upper1_front_wall
usemtl Mat_WornPlaster
f 897 898 899 900
f 901 904 903 902
f 897 901 902 898
f 898 902 903 899
f 899 903 904 900
f 900 904 901 897
g GalakasMidCity_CornerHouseTall_W06D06_F01_R01U01x2L01_A01_upper1_back_wall
f 905 906 907 908
f 909 912 911 910
f 905 909 910 906
f 906 910 911 907
f 907 911 912 908
f 908 912 909 905
g GalakasMidCity_CornerHouseTall_W06D06_F01_R01U01x2L01_A01_upper1_left_wall
f 913 914 915 916
f 917 920 919 918
f 913 917 918 914
f 914 918 919 915
f 915 919 920 916
f 916 920 917 913
g GalakasMidCity_CornerHouseTall_W06D06_F01_R01U01x2L01_A01_upper1_right_wall
f 921 922 923 924
f 925 928 927 926
f 921 925 926 922
f 922 926 927 923
f 923 927 928 924
f 924 928 925 921
g GalakasMidCity_CornerHouseTall_W06D06_F01_R01U01x2L01_A01_upper1_floor_cap
usemtl Mat_WoodDark
f 929 930 931 932
f 933 936 935 934
f 929 933 934 930
f 930 934 935 931
f 931 935 936 932
f 932 936 933 929
g GalakasMidCity_CornerHouseTall_W06D06_F01_R01U01x2L01_A01_upper1_ceiling_cap
f 937 938 939 940
f 941 944 943 942
f 937 941 942 938
f 938 942 943 939
f 939 943 944 940
f 940 944 941 937
g GalakasMidCity_CornerHouseTall_W06D06_F01_R01U01x2L01_A01_upper1_front_course_569
f 945 946 947 948
f 949 952 951 950
f 945 949 950 946
f 946 950 951 947
f 947 951 952 948
f 948 952 949 945
g GalakasMidCity_CornerHouseTall_W06D06_F01_R01U01x2L01_A01_upper1_back_course_569
f 953 954 955 956
f 957 960 959 958
f 953 957 958 954
f 954 958 959 955
f 955 959 960 956
f 956 960 957 953
g GalakasMidCity_CornerHouseTall_W06D06_F01_R01U01x2L01_A01_upper1_front_course_974
f 961 962 963 964
f 965 968 967 966
f 961 965 966 962
f 962 966 967 963
f 963 967 968 964
f 964 968 965 961
g GalakasMidCity_CornerHouseTall_W06D06_F01_R01U01x2L01_A01_upper1_back_course_974
f 969 970 971 972
f 973 976 975 974
f 969 973 974 970
f 970 974 975 971
f 971 975 976 972
f 972 976 973 969
g GalakasMidCity_CornerHouseTall_W06D06_F01_R01U01x2L01_A01_upper1_front_post_-5_9
f 977 978 979 980
f 981 984 983 982
f 977 981 982 978
f 978 982 983 979
f 979 983 984 980
f 980 984 981 977
g GalakasMidCity_CornerHouseTall_W06D06_F01_R01U01x2L01_A01_upper1_front_post_5_9
f 985 986 987 988
f 989 992 991 990
f 985 989 990 986
f 986 990 991 987
f 987 991 992 988
f 988 992 989 985
g GalakasMidCity_CornerHouseTall_W06D06_F01_R01U01x2L01_A01_upper1_front_post_-3_0
f 993 994 995 996
f 997 1000 999 998
f 993 997 998 994
f 994 998 999 995
f 995 999 1000 996
f 996 1000 997 993
g GalakasMidCity_CornerHouseTall_W06D06_F01_R01U01x2L01_A01_upper1_front_post_3_0
f 1001 1002 1003 1004
f 1005 1008 1007 1006
f 1001 1005 1006 1002
f 1002 1006 1007 1003
f 1003 1007 1008 1004
f 1004 1008 1005 1001
g GalakasMidCity_CornerHouseTall_W06D06_F01_R01U01x2L01_A01_upper1_back_post_-5_9
f 1009 1010 1011 1012
f 1013 1016 1015 1014
f 1009 1013 1014 1010
f 1010 1014 1015 1011
f 1011 1015 1016 1012
f 1012 1016 1013 1009
g GalakasMidCity_CornerHouseTall_W06D06_F01_R01U01x2L01_A01_upper1_back_post_5_9
f 1017 1018 1019 1020
f 1021 1024 1023 1022
f 1017 1021 1022 1018
f 1018 1022 1023 1019
f 1019 1023 1024 1020
f 1020 1024 1021 1017
g GalakasMidCity_CornerHouseTall_W06D06_F01_R01U01x2L01_A01_upper1_front_window_0_glass
usemtl Mat_GlassDirty
f 1025 1026 1027 1028
f 1029 1032 1031 1030
f 1025 1029 1030 1026
f 1026 1030 1031 1027
f 1027 1031 1032 1028
f 1028 1032 1029 1025
g GalakasMidCity_CornerHouseTall_W06D06_F01_R01U01x2L01_A01_upper1_front_window_0_frame_top
usemtl Mat_WoodDark
f 1033 1034 1035 1036
f 1037 1040 1039 1038
f 1033 1037 1038 1034
f 1034 1038 1039 1035
f 1035 1039 1040 1036
f 1036 1040 1037 1033
g GalakasMidCity_CornerHouseTall_W06D06_F01_R01U01x2L01_A01_upper1_front_window_0_frame_mid_v
f 1041 1042 1043 1044
f 1045 1048 1047 1046
f 1041 1045 1046 1042
f 1042 1046 1047 1043
f 1043 1047 1048 1044
f 1044 1048 1045 1041
g GalakasMidCity_CornerHouseTall_W06D06_F01_R01U01x2L01_A01_upper1_front_window_0_frame_l
f 1049 1050 1051 1052
f 1053 1056 1055 1054
f 1049 1053 1054 1050
f 1050 1054 1055 1051
f 1051 1055 1056 1052
f 1052 1056 1053 1049
g GalakasMidCity_CornerHouseTall_W06D06_F01_R01U01x2L01_A01_upper1_front_window_0_frame_r
f 1057 1058 1059 1060
f 1061 1064 1063 1062
f 1057 1061 1062 1058
f 1058 1062 1063 1059
f 1059 1063 1064 1060
f 1060 1064 1061 1057
g GalakasMidCity_CornerHouseTall_W06D06_F01_R01U01x2L01_A01_upper1_front_window_0_sill
f 1065 1066 1067 1068
f 1069 1072 1071 1070
f 1065 1069 1070 1066
f 1066 1070 1071 1067
f 1067 1071 1072 1068
f 1068 1072 1069 1065
g GalakasMidCity_CornerHouseTall_W06D06_F01_R01U01x2L01_A01_upper1_front_window_0_shutter_l
usemtl Mat_WoodWeathered
f 1073 1074 1075 1076
f 1077 1080 1079 1078
f 1073 1077 1078 1074
f 1074 1078 1079 1075
f 1075 1079 1080 1076
f 1076 1080 1077 1073
g GalakasMidCity_CornerHouseTall_W06D06_F01_R01U01x2L01_A01_upper1_front_window_0_shutter_r
f 1081 1082 1083 1084
f 1085 1088 1087 1086
f 1081 1085 1086 1082
f 1082 1086 1087 1083
f 1083 1087 1088 1084
f 1084 1088 1085 1081
g GalakasMidCity_CornerHouseTall_W06D06_F01_R01U01x2L01_A01_upper1_front_window_1_glass
usemtl Mat_GlassDirty
f 1089 1090 1091 1092
f 1093 1096 1095 1094
f 1089 1093 1094 1090
f 1090 1094 1095 1091
f 1091 1095 1096 1092
f 1092 1096 1093 1089
g GalakasMidCity_CornerHouseTall_W06D06_F01_R01U01x2L01_A01_upper1_front_window_1_frame_top
usemtl Mat_WoodDark
f 1097 1098 1099 1100
f 1101 1104 1103 1102
f 1097 1101 1102 1098
f 1098 1102 1103 1099
f 1099 1103 1104 1100
f 1100 1104 1101 1097
g GalakasMidCity_CornerHouseTall_W06D06_F01_R01U01x2L01_A01_upper1_front_window_1_frame_mid_v
f 1105 1106 1107 1108
f 1109 1112 1111 1110
f 1105 1109 1110 1106
f 1106 1110 1111 1107
f 1107 1111 1112 1108
f 1108 1112 1109 1105
g GalakasMidCity_CornerHouseTall_W06D06_F01_R01U01x2L01_A01_upper1_front_window_1_frame_l
f 1113 1114 1115 1116
f 1117 1120 1119 1118
f 1113 1117 1118 1114
f 1114 1118 1119 1115
f 1115 1119 1120 1116
f 1116 1120 1117 1113
g GalakasMidCity_CornerHouseTall_W06D06_F01_R01U01x2L01_A01_upper1_front_window_1_frame_r
f 1121 1122 1123 1124
f 1125 1128 1127 1126
f 1121 1125 1126 1122
f 1122 1126 1127 1123
f 1123 1127 1128 1124
f 1124 1128 1125 1121
g GalakasMidCity_CornerHouseTall_W06D06_F01_R01U01x2L01_A01_upper1_front_window_1_sill
f 1129 1130 1131 1132
f 1133 1136 1135 1134
f 1129 1133 1134 1130
f 1130 1134 1135 1131
f 1131 1135 1136 1132
f 1132 1136 1133 1129
g GalakasMidCity_CornerHouseTall_W06D06_F01_R01U01x2L01_A01_upper1_front_window_1_shutter_l
usemtl Mat_WoodWeathered
f 1137 1138 1139 1140
f 1141 1144 1143 1142
f 1137 1141 1142 1138
f 1138 1142 1143 1139
f 1139 1143 1144 1140
f 1140 1144 1141 1137
g GalakasMidCity_CornerHouseTall_W06D06_F01_R01U01x2L01_A01_upper1_front_window_1_shutter_r
f 1145 1146 1147 1148
f 1149 1152 1151 1150
f 1145 1149 1150 1146
f 1146 1150 1151 1147
f 1147 1151 1152 1148
f 1148 1152 1149 1145
g GalakasMidCity_CornerHouseTall_W06D06_F01_R01U01x2L01_A01_upper1_upper_front_window_0_glass
usemtl Mat_GlassDirty
f 1153 1154 1155 1156
f 1157 1160 1159 1158
f 1153 1157 1158 1154
f 1154 1158 1159 1155
f 1155 1159 1160 1156
f 1156 1160 1157 1153
g GalakasMidCity_CornerHouseTall_W06D06_F01_R01U01x2L01_A01_upper1_upper_front_window_0_frame_top
usemtl Mat_WoodDark
f 1161 1162 1163 1164
f 1165 1168 1167 1166
f 1161 1165 1166 1162
f 1162 1166 1167 1163
f 1163 1167 1168 1164
f 1164 1168 1165 1161
g GalakasMidCity_CornerHouseTall_W06D06_F01_R01U01x2L01_A01_upper1_upper_front_window_0_frame_mid_v
f 1169 1170 1171 1172
f 1173 1176 1175 1174
f 1169 1173 1174 1170
f 1170 1174 1175 1171
f 1171 1175 1176 1172
f 1172 1176 1173 1169
g GalakasMidCity_CornerHouseTall_W06D06_F01_R01U01x2L01_A01_upper1_upper_front_window_0_frame_l
f 1177 1178 1179 1180
f 1181 1184 1183 1182
f 1177 1181 1182 1178
f 1178 1182 1183 1179
f 1179 1183 1184 1180
f 1180 1184 1181 1177
g GalakasMidCity_CornerHouseTall_W06D06_F01_R01U01x2L01_A01_upper1_upper_front_window_0_frame_r
f 1185 1186 1187 1188
f 1189 1192 1191 1190
f 1185 1189 1190 1186
f 1186 1190 1191 1187
f 1187 1191 1192 1188
f 1188 1192 1189 1185
g GalakasMidCity_CornerHouseTall_W06D06_F01_R01U01x2L01_A01_upper1_upper_front_window_0_sill
f 1193 1194 1195 1196
f 1197 1200 1199 1198
f 1193 1197 1198 1194
f 1194 1198 1199 1195
f 1195 1199 1200 1196
f 1196 1200 1197 1193
g GalakasMidCity_CornerHouseTall_W06D06_F01_R01U01x2L01_A01_upper1_upper_front_window_0_shutter_l
usemtl Mat_WoodWeathered
f 1201 1202 1203 1204
f 1205 1208 1207 1206
f 1201 1205 1206 1202
f 1202 1206 1207 1203
f 1203 1207 1208 1204
f 1204 1208 1205 1201
g GalakasMidCity_CornerHouseTall_W06D06_F01_R01U01x2L01_A01_upper1_upper_front_window_0_shutter_r
f 1209 1210 1211 1212
f 1213 1216 1215 1214
f 1209 1213 1214 1210
f 1210 1214 1215 1211
f 1211 1215 1216 1212
f 1212 1216 1213 1209
g GalakasMidCity_CornerHouseTall_W06D06_F01_R01U01x2L01_A01_upper1_upper_front_window_1_glass
usemtl Mat_GlassDirty
f 1217 1218 1219 1220
f 1221 1224 1223 1222
f 1217 1221 1222 1218
f 1218 1222 1223 1219
f 1219 1223 1224 1220
f 1220 1224 1221 1217
g GalakasMidCity_CornerHouseTall_W06D06_F01_R01U01x2L01_A01_upper1_upper_front_window_1_frame_top
usemtl Mat_WoodDark
f 1225 1226 1227 1228
f 1229 1232 1231 1230
f 1225 1229 1230 1226
f 1226 1230 1231 1227
f 1227 1231 1232 1228
f 1228 1232 1229 1225
g GalakasMidCity_CornerHouseTall_W06D06_F01_R01U01x2L01_A01_upper1_upper_front_window_1_frame_mid_v
f 1233 1234 1235 1236
f 1237 1240 1239 1238
f 1233 1237 1238 1234
f 1234 1238 1239 1235
f 1235 1239 1240 1236
f 1236 1240 1237 1233
g GalakasMidCity_CornerHouseTall_W06D06_F01_R01U01x2L01_A01_upper1_upper_front_window_1_frame_l
f 1241 1242 1243 1244
f 1245 1248 1247 1246
f 1241 1245 1246 1242
f 1242 1246 1247 1243
f 1243 1247 1248 1244
f 1244 1248 1245 1241
g GalakasMidCity_CornerHouseTall_W06D06_F01_R01U01x2L01_A01_upper1_upper_front_window_1_frame_r
f 1249 1250 1251 1252
f 1253 1256 1255 1254
f 1249 1253 1254 1250
f 1250 1254 1255 1251
f 1251 1255 1256 1252
f 1252 1256 1253 1249
g GalakasMidCity_CornerHouseTall_W06D06_F01_R01U01x2L01_A01_upper1_upper_front_window_1_sill
f 1257 1258 1259 1260
f 1261 1264 1263 1262
f 1257 1261 1262 1258
f 1258 1262 1263 1259
f 1259 1263 1264 1260
f 1260 1264 1261 1257
g GalakasMidCity_CornerHouseTall_W06D06_F01_R01U01x2L01_A01_upper1_upper_front_window_1_shutter_l
usemtl Mat_WoodWeathered
f 1265 1266 1267 1268
f 1269 1272 1271 1270
f 1265 1269 1270 1266
f 1266 1270 1271 1267
f 1267 1271 1272 1268
f 1268 1272 1269 1265
g GalakasMidCity_CornerHouseTall_W06D06_F01_R01U01x2L01_A01_upper1_upper_front_window_1_shutter_r
f 1273 1274 1275 1276
f 1277 1280 1279 1278
f 1273 1277 1278 1274
f 1274 1278 1279 1275
f 1275 1279 1280 1276
f 1276 1280 1277 1273
g GalakasMidCity_CornerHouseTall_W06D06_F01_R01U01x2L01_A01_upper1_left_window_glass_0
usemtl Mat_GlassDirty
f 1281 1282 1283 1284
f 1285 1288 1287 1286
f 1281 1285 1286 1282
f 1282 1286 1287 1283
f 1283 1287 1288 1284
f 1284 1288 1285 1281
g GalakasMidCity_CornerHouseTall_W06D06_F01_R01U01x2L01_A01_upper1_right_window_glass_0
f 1289 1290 1291 1292
f 1293 1296 1295 1294
f 1289 1293 1294 1290
f 1290 1294 1295 1291
f 1291 1295 1296 1292
f 1292 1296 1293 1289
g GalakasMidCity_CornerHouseTall_W06D06_F01_R01U01x2L01_A01_upper1_left_window_glass_1
f 1297 1298 1299 1300
f 1301 1304 1303 1302
f 1297 1301 1302 1298
f 1298 1302 1303 1299
f 1299 1303 1304 1300
f 1300 1304 1301 1297
g GalakasMidCity_CornerHouseTall_W06D06_F01_R01U01x2L01_A01_upper1_right_window_glass_1
f 1305 1306 1307 1308
f 1309 1312 1311 1310
f 1305 1309 1310 1306
f 1306 1310 1311 1307
f 1307 1311 1312 1308
f 1308 1312 1309 1305
g GalakasMidCity_CornerHouseTall_W06D06_F01_R01U01x2L01_A01_diag_brace_a_0
usemtl Mat_WoodDark
f 1313 1314 1315 1316
f 1317 1320 1319 1318
f 1313 1317 1318 1314
f 1314 1318 1319 1315
f 1315 1319 1320 1316
f 1316 1320 1317 1313
g GalakasMidCity_CornerHouseTall_W06D06_F01_R01U01x2L01_A01_diag_brace_b_0
f 1321 1322 1323 1324
f 1325 1328 1327 1326
f 1321 1325 1326 1322
f 1322 1326 1327 1323
f 1323 1327 1328 1324
f 1324 1328 1325 1321
g GalakasMidCity_CornerHouseTall_W06D06_F01_R01U01x2L01_A01_upper2_front_wall
usemtl Mat_WornPlaster
f 1329 1330 1331 1332
f 1333 1336 1335 1334
f 1329 1333 1334 1330
f 1330 1334 1335 1331
f 1331 1335 1336 1332
f 1332 1336 1333 1329
g GalakasMidCity_CornerHouseTall_W06D06_F01_R01U01x2L01_A01_upper2_back_wall
f 1337 1338 1339 1340
f 1341 1344 1343 1342
f 1337 1341 1342 1338
f 1338 1342 1343 1339
f 1339 1343 1344 1340
f 1340 1344 1341 1337
g GalakasMidCity_CornerHouseTall_W06D06_F01_R01U01x2L01_A01_upper2_left_wall
f 1345 1346 1347 1348
f 1349 1352 1351 1350
f 1345 1349 1350 1346
f 1346 1350 1351 1347
f 1347 1351 1352 1348
f 1348 1352 1349 1345
g GalakasMidCity_CornerHouseTall_W06D06_F01_R01U01x2L01_A01_upper2_right_wall
f 1353 1354 1355 1356
f 1357 1360 1359 1358
f 1353 1357 1358 1354
f 1354 1358 1359 1355
f 1355 1359 1360 1356
f 1356 1360 1357 1353
g GalakasMidCity_CornerHouseTall_W06D06_F01_R01U01x2L01_A01_upper2_floor_cap
usemtl Mat_WoodDark
f 1361 1362 1363 1364
f 1365 1368 1367 1366
f 1361 1365 1366 1362
f 1362 1366 1367 1363
f 1363 1367 1368 1364
f 1364 1368 1365 1361
g GalakasMidCity_CornerHouseTall_W06D06_F01_R01U01x2L01_A01_upper2_ceiling_cap
f 1369 1370 1371 1372
f 1373 1376 1375 1374
f 1369 1373 1374 1370
f 1370 1374 1375 1371
f 1371 1375 1376 1372
f 1372 1376 1373 1369
g GalakasMidCity_CornerHouseTall_W06D06_F01_R01U01x2L01_A01_upper2_front_course_1010
f 1377 1378 1379 1380
f 1381 1384 1383 1382
f 1377 1381 1382 1378
f 1378 1382 1383 1379
f 1379 1383 1384 1380
f 1380 1384 1381 1377
g GalakasMidCity_CornerHouseTall_W06D06_F01_R01U01x2L01_A01_upper2_back_course_1010
f 1385 1386 1387 1388
f 1389 1392 1391 1390
f 1385 1389 1390 1386
f 1386 1390 1391 1387
f 1387 1391 1392 1388
f 1388 1392 1389 1385
g GalakasMidCity_CornerHouseTall_W06D06_F01_R01U01x2L01_A01_upper2_front_course_1414
f 1393 1394 1395 1396
f 1397 1400 1399 1398
f 1393 1397 1398 1394
f 1394 1398 1399 1395
f 1395 1399 1400 1396
f 1396 1400 1397 1393
g GalakasMidCity_CornerHouseTall_W06D06_F01_R01U01x2L01_A01_upper2_back_course_1414
f 1401 1402 1403 1404
f 1405 1408 1407 1406
f 1401 1405 1406 1402
f 1402 1406 1407 1403
f 1403 1407 1408 1404
f 1404 1408 1405 1401
g GalakasMidCity_CornerHouseTall_W06D06_F01_R01U01x2L01_A01_upper2_front_post_-5_9
f 1409 1410 1411 1412
f 1413 1416 1415 1414
f 1409 1413 1414 1410
f 1410 1414 1415 1411
f 1411 1415 1416 1412
f 1412 1416 1413 1409
g GalakasMidCity_CornerHouseTall_W06D06_F01_R01U01x2L01_A01_upper2_front_post_5_9
f 1417 1418 1419 1420
f 1421 1424 1423 1422
f 1417 1421 1422 1418
f 1418 1422 1423 1419
f 1419 1423 1424 1420
f 1420 1424 1421 1417
g GalakasMidCity_CornerHouseTall_W06D06_F01_R01U01x2L01_A01_upper2_front_post_-3_0
f 1425 1426 1427 1428
f 1429 1432 1431 1430
f 1425 1429 1430 1426
f 1426 1430 1431 1427
f 1427 1431 1432 1428
f 1428 1432 1429 1425
g GalakasMidCity_CornerHouseTall_W06D06_F01_R01U01x2L01_A01_upper2_front_post_3_0
f 1433 1434 1435 1436
f 1437 1440 1439 1438
f 1433 1437 1438 1434
f 1434 1438 1439 1435
f 1435 1439 1440 1436
f 1436 1440 1437 1433
g GalakasMidCity_CornerHouseTall_W06D06_F01_R01U01x2L01_A01_upper2_back_post_-5_9
f 1441 1442 1443 1444
f 1445 1448 1447 1446
f 1441 1445 1446 1442
f 1442 1446 1447 1443
f 1443 1447 1448 1444
f 1444 1448 1445 1441
g GalakasMidCity_CornerHouseTall_W06D06_F01_R01U01x2L01_A01_upper2_back_post_5_9
f 1449 1450 1451 1452
f 1453 1456 1455 1454
f 1449 1453 1454 1450
f 1450 1454 1455 1451
f 1451 1455 1456 1452
f 1452 1456 1453 1449
g GalakasMidCity_CornerHouseTall_W06D06_F01_R01U01x2L01_A01_upper2_front_window_0_glass
usemtl Mat_GlassDirty
f 1457 1458 1459 1460
f 1461 1464 1463 1462
f 1457 1461 1462 1458
f 1458 1462 1463 1459
f 1459 1463 1464 1460
f 1460 1464 1461 1457
g GalakasMidCity_CornerHouseTall_W06D06_F01_R01U01x2L01_A01_upper2_front_window_0_frame_top
usemtl Mat_WoodDark
f 1465 1466 1467 1468
f 1469 1472 1471 1470
f 1465 1469 1470 1466
f 1466 1470 1471 1467
f 1467 1471 1472 1468
f 1468 1472 1469 1465
g GalakasMidCity_CornerHouseTall_W06D06_F01_R01U01x2L01_A01_upper2_front_window_0_frame_mid_v
f 1473 1474 1475 1476
f 1477 1480 1479 1478
f 1473 1477 1478 1474
f 1474 1478 1479 1475
f 1475 1479 1480 1476
f 1476 1480 1477 1473
g GalakasMidCity_CornerHouseTall_W06D06_F01_R01U01x2L01_A01_upper2_front_window_0_frame_l
f 1481 1482 1483 1484
f 1485 1488 1487 1486
f 1481 1485 1486 1482
f 1482 1486 1487 1483
f 1483 1487 1488 1484
f 1484 1488 1485 1481
g GalakasMidCity_CornerHouseTall_W06D06_F01_R01U01x2L01_A01_upper2_front_window_0_frame_r
f 1489 1490 1491 1492
f 1493 1496 1495 1494
f 1489 1493 1494 1490
f 1490 1494 1495 1491
f 1491 1495 1496 1492
f 1492 1496 1493 1489
g GalakasMidCity_CornerHouseTall_W06D06_F01_R01U01x2L01_A01_upper2_front_window_0_sill
f 1497 1498 1499 1500
f 1501 1504 1503 1502
f 1497 1501 1502 1498
f 1498 1502 1503 1499
f 1499 1503 1504 1500
f 1500 1504 1501 1497
g GalakasMidCity_CornerHouseTall_W06D06_F01_R01U01x2L01_A01_upper2_front_window_0_shutter_l
usemtl Mat_WoodWeathered
f 1505 1506 1507 1508
f 1509 1512 1511 1510
f 1505 1509 1510 1506
f 1506 1510 1511 1507
f 1507 1511 1512 1508
f 1508 1512 1509 1505
g GalakasMidCity_CornerHouseTall_W06D06_F01_R01U01x2L01_A01_upper2_front_window_0_shutter_r
f 1513 1514 1515 1516
f 1517 1520 1519 1518
f 1513 1517 1518 1514
f 1514 1518 1519 1515
f 1515 1519 1520 1516
f 1516 1520 1517 1513
g GalakasMidCity_CornerHouseTall_W06D06_F01_R01U01x2L01_A01_upper2_front_window_1_glass
usemtl Mat_GlassDirty
f 1521 1522 1523 1524
f 1525 1528 1527 1526
f 1521 1525 1526 1522
f 1522 1526 1527 1523
f 1523 1527 1528 1524
f 1524 1528 1525 1521
g GalakasMidCity_CornerHouseTall_W06D06_F01_R01U01x2L01_A01_upper2_front_window_1_frame_top
usemtl Mat_WoodDark
f 1529 1530 1531 1532
f 1533 1536 1535 1534
f 1529 1533 1534 1530
f 1530 1534 1535 1531
f 1531 1535 1536 1532
f 1532 1536 1533 1529
g GalakasMidCity_CornerHouseTall_W06D06_F01_R01U01x2L01_A01_upper2_front_window_1_frame_mid_v
f 1537 1538 1539 1540
f 1541 1544 1543 1542
f 1537 1541 1542 1538
f 1538 1542 1543 1539
f 1539 1543 1544 1540
f 1540 1544 1541 1537
g GalakasMidCity_CornerHouseTall_W06D06_F01_R01U01x2L01_A01_upper2_front_window_1_frame_l
f 1545 1546 1547 1548
f 1549 1552 1551 1550
f 1545 1549 1550 1546
f 1546 1550 1551 1547
f 1547 1551 1552 1548
f 1548 1552 1549 1545
g GalakasMidCity_CornerHouseTall_W06D06_F01_R01U01x2L01_A01_upper2_front_window_1_frame_r
f 1553 1554 1555 1556
f 1557 1560 1559 1558
f 1553 1557 1558 1554
f 1554 1558 1559 1555
f 1555 1559 1560 1556
f 1556 1560 1557 1553
g GalakasMidCity_CornerHouseTall_W06D06_F01_R01U01x2L01_A01_upper2_front_window_1_sill
f 1561 1562 1563 1564
f 1565 1568 1567 1566
f 1561 1565 1566 1562
f 1562 1566 1567 1563
f 1563 1567 1568 1564
f 1564 1568 1565 1561
g GalakasMidCity_CornerHouseTall_W06D06_F01_R01U01x2L01_A01_upper2_front_window_1_shutter_l
usemtl Mat_WoodWeathered
f 1569 1570 1571 1572
f 1573 1576 1575 1574
f 1569 1573 1574 1570
f 1570 1574 1575 1571
f 1571 1575 1576 1572
f 1572 1576 1573 1569
g GalakasMidCity_CornerHouseTall_W06D06_F01_R01U01x2L01_A01_upper2_front_window_1_shutter_r
f 1577 1578 1579 1580
f 1581 1584 1583 1582
f 1577 1581 1582 1578
f 1578 1582 1583 1579
f 1579 1583 1584 1580
f 1580 1584 1581 1577
g GalakasMidCity_CornerHouseTall_W06D06_F01_R01U01x2L01_A01_upper2_upper_front_window_0_glass
usemtl Mat_GlassDirty
f 1585 1586 1587 1588
f 1589 1592 1591 1590
f 1585 1589 1590 1586
f 1586 1590 1591 1587
f 1587 1591 1592 1588
f 1588 1592 1589 1585
g GalakasMidCity_CornerHouseTall_W06D06_F01_R01U01x2L01_A01_upper2_upper_front_window_0_frame_top
usemtl Mat_WoodDark
f 1593 1594 1595 1596
f 1597 1600 1599 1598
f 1593 1597 1598 1594
f 1594 1598 1599 1595
f 1595 1599 1600 1596
f 1596 1600 1597 1593
g GalakasMidCity_CornerHouseTall_W06D06_F01_R01U01x2L01_A01_upper2_upper_front_window_0_frame_mid_v
f 1601 1602 1603 1604
f 1605 1608 1607 1606
f 1601 1605 1606 1602
f 1602 1606 1607 1603
f 1603 1607 1608 1604
f 1604 1608 1605 1601
g GalakasMidCity_CornerHouseTall_W06D06_F01_R01U01x2L01_A01_upper2_upper_front_window_0_frame_l
f 1609 1610 1611 1612
f 1613 1616 1615 1614
f 1609 1613 1614 1610
f 1610 1614 1615 1611
f 1611 1615 1616 1612
f 1612 1616 1613 1609
g GalakasMidCity_CornerHouseTall_W06D06_F01_R01U01x2L01_A01_upper2_upper_front_window_0_frame_r
f 1617 1618 1619 1620
f 1621 1624 1623 1622
f 1617 1621 1622 1618
f 1618 1622 1623 1619
f 1619 1623 1624 1620
f 1620 1624 1621 1617
g GalakasMidCity_CornerHouseTall_W06D06_F01_R01U01x2L01_A01_upper2_upper_front_window_0_sill
f 1625 1626 1627 1628
f 1629 1632 1631 1630
f 1625 1629 1630 1626
f 1626 1630 1631 1627
f 1627 1631 1632 1628
f 1628 1632 1629 1625
g GalakasMidCity_CornerHouseTall_W06D06_F01_R01U01x2L01_A01_upper2_upper_front_window_0_shutter_l
usemtl Mat_WoodWeathered
f 1633 1634 1635 1636
f 1637 1640 1639 1638
f 1633 1637 1638 1634
f 1634 1638 1639 1635
f 1635 1639 1640 1636
f 1636 1640 1637 1633
g GalakasMidCity_CornerHouseTall_W06D06_F01_R01U01x2L01_A01_upper2_upper_front_window_0_shutter_r
f 1641 1642 1643 1644
f 1645 1648 1647 1646
f 1641 1645 1646 1642
f 1642 1646 1647 1643
f 1643 1647 1648 1644
f 1644 1648 1645 1641
g GalakasMidCity_CornerHouseTall_W06D06_F01_R01U01x2L01_A01_upper2_upper_front_window_1_glass
usemtl Mat_GlassDirty
f 1649 1650 1651 1652
f 1653 1656 1655 1654
f 1649 1653 1654 1650
f 1650 1654 1655 1651
f 1651 1655 1656 1652
f 1652 1656 1653 1649
g GalakasMidCity_CornerHouseTall_W06D06_F01_R01U01x2L01_A01_upper2_upper_front_window_1_frame_top
usemtl Mat_WoodDark
f 1657 1658 1659 1660
f 1661 1664 1663 1662
f 1657 1661 1662 1658
f 1658 1662 1663 1659
f 1659 1663 1664 1660
f 1660 1664 1661 1657
g GalakasMidCity_CornerHouseTall_W06D06_F01_R01U01x2L01_A01_upper2_upper_front_window_1_frame_mid_v
f 1665 1666 1667 1668
f 1669 1672 1671 1670
f 1665 1669 1670 1666
f 1666 1670 1671 1667
f 1667 1671 1672 1668
f 1668 1672 1669 1665
g GalakasMidCity_CornerHouseTall_W06D06_F01_R01U01x2L01_A01_upper2_upper_front_window_1_frame_l
f 1673 1674 1675 1676
f 1677 1680 1679 1678
f 1673 1677 1678 1674
f 1674 1678 1679 1675
f 1675 1679 1680 1676
f 1676 1680 1677 1673
g GalakasMidCity_CornerHouseTall_W06D06_F01_R01U01x2L01_A01_upper2_upper_front_window_1_frame_r
f 1681 1682 1683 1684
f 1685 1688 1687 1686
f 1681 1685 1686 1682
f 1682 1686 1687 1683
f 1683 1687 1688 1684
f 1684 1688 1685 1681
g GalakasMidCity_CornerHouseTall_W06D06_F01_R01U01x2L01_A01_upper2_upper_front_window_1_sill
f 1689 1690 1691 1692
f 1693 1696 1695 1694
f 1689 1693 1694 1690
f 1690 1694 1695 1691
f 1691 1695 1696 1692
f 1692 1696 1693 1689
g GalakasMidCity_CornerHouseTall_W06D06_F01_R01U01x2L01_A01_upper2_upper_front_window_1_shutter_l
usemtl Mat_WoodWeathered
f 1697 1698 1699 1700
f 1701 1704 1703 1702
f 1697 1701 1702 1698
f 1698 1702 1703 1699
f 1699 1703 1704 1700
f 1700 1704 1701 1697
g GalakasMidCity_CornerHouseTall_W06D06_F01_R01U01x2L01_A01_upper2_upper_front_window_1_shutter_r
f 1705 1706 1707 1708
f 1709 1712 1711 1710
f 1705 1709 1710 1706
f 1706 1710 1711 1707
f 1707 1711 1712 1708
f 1708 1712 1709 1705
g GalakasMidCity_CornerHouseTall_W06D06_F01_R01U01x2L01_A01_upper2_left_window_glass_0
usemtl Mat_GlassDirty
f 1713 1714 1715 1716
f 1717 1720 1719 1718
f 1713 1717 1718 1714
f 1714 1718 1719 1715
f 1715 1719 1720 1716
f 1716 1720 1717 1713
g GalakasMidCity_CornerHouseTall_W06D06_F01_R01U01x2L01_A01_upper2_right_window_glass_0
f 1721 1722 1723 1724
f 1725 1728 1727 1726
f 1721 1725 1726 1722
f 1722 1726 1727 1723
f 1723 1727 1728 1724
f 1724 1728 1725 1721
g GalakasMidCity_CornerHouseTall_W06D06_F01_R01U01x2L01_A01_upper2_left_window_glass_1
f 1729 1730 1731 1732
f 1733 1736 1735 1734
f 1729 1733 1734 1730
f 1730 1734 1735 1731
f 1731 1735 1736 1732
f 1732 1736 1733 1729
g GalakasMidCity_CornerHouseTall_W06D06_F01_R01U01x2L01_A01_upper2_right_window_glass_1
f 1737 1738 1739 1740
f 1741 1744 1743 1742
f 1737 1741 1742 1738
f 1738 1742 1743 1739
f 1739 1743 1744 1740
f 1740 1744 1741 1737
g GalakasMidCity_CornerHouseTall_W06D06_F01_R01U01x2L01_A01_diag_brace_a_1
usemtl Mat_WoodDark
f 1745 1746 1747 1748
f 1749 1752 1751 1750
f 1745 1749 1750 1746
f 1746 1750 1751 1747
f 1747 1751 1752 1748
f 1748 1752 1749 1745
g GalakasMidCity_CornerHouseTall_W06D06_F01_R01U01x2L01_A01_diag_brace_b_1
f 1753 1754 1755 1756
f 1757 1760 1759 1758
f 1753 1757 1758 1754
f 1754 1758 1759 1755
f 1755 1759 1760 1756
f 1756 1760 1757 1753
g GalakasMidCity_CornerHouseTall_W06D06_F01_R01U01x2L01_A01_roof_front_slope
usemtl Mat_RoofTileDirty
f 1761 1762 1763 1764
f 1765 1768 1767 1766
f 1761 1765 1766 1762
f 1762 1766 1767 1763
f 1763 1767 1768 1764
f 1764 1768 1765 1761
g GalakasMidCity_CornerHouseTall_W06D06_F01_R01U01x2L01_A01_roof_back_slope
f 1769 1770 1771 1772
f 1773 1776 1775 1774
f 1769 1773 1774 1770
f 1770 1774 1775 1771
f 1771 1775 1776 1772
f 1772 1776 1773 1769
g GalakasMidCity_CornerHouseTall_W06D06_F01_R01U01x2L01_A01_roof_front_tile_row_0
f 1777 1778 1779 1780
f 1781 1784 1783 1782
f 1777 1781 1782 1778
f 1778 1782 1783 1779
f 1779 1783 1784 1780
f 1780 1784 1781 1777
g GalakasMidCity_CornerHouseTall_W06D06_F01_R01U01x2L01_A01_roof_back_tile_row_0
f 1785 1786 1787 1788
f 1789 1792 1791 1790
f 1785 1789 1790 1786
f 1786 1790 1791 1787
f 1787 1791 1792 1788
f 1788 1792 1789 1785
g GalakasMidCity_CornerHouseTall_W06D06_F01_R01U01x2L01_A01_roof_front_tile_row_1
f 1793 1794 1795 1796
f 1797 1800 1799 1798
f 1793 1797 1798 1794
f 1794 1798 1799 1795
f 1795 1799 1800 1796
f 1796 1800 1797 1793
g GalakasMidCity_CornerHouseTall_W06D06_F01_R01U01x2L01_A01_roof_back_tile_row_1
f 1801 1802 1803 1804
f 1805 1808 1807 1806
f 1801 1805 1806 1802
f 1802 1806 1807 1803
f 1803 1807 1808 1804
f 1804 1808 1805 1801
g GalakasMidCity_CornerHouseTall_W06D06_F01_R01U01x2L01_A01_roof_front_tile_row_2
f 1809 1810 1811 1812
f 1813 1816 1815 1814
f 1809 1813 1814 1810
f 1810 1814 1815 1811
f 1811 1815 1816 1812
f 1812 1816 1813 1809
g GalakasMidCity_CornerHouseTall_W06D06_F01_R01U01x2L01_A01_roof_back_tile_row_2
f 1817 1818 1819 1820
f 1821 1824 1823 1822
f 1817 1821 1822 1818
f 1818 1822 1823 1819
f 1819 1823 1824 1820
f 1820 1824 1821 1817
g GalakasMidCity_CornerHouseTall_W06D06_F01_R01U01x2L01_A01_roof_front_tile_row_3
f 1825 1826 1827 1828
f 1829 1832 1831 1830
f 1825 1829 1830 1826
f 1826 1830 1831 1827
f 1827 1831 1832 1828
f 1828 1832 1829 1825
g GalakasMidCity_CornerHouseTall_W06D06_F01_R01U01x2L01_A01_roof_back_tile_row_3
f 1833 1834 1835 1836
f 1837 1840 1839 1838
f 1833 1837 1838 1834
f 1834 1838 1839 1835
f 1835 1839 1840 1836
f 1836 1840 1837 1833
g GalakasMidCity_CornerHouseTall_W06D06_F01_R01U01x2L01_A01_roof_front_tile_row_4
f 1841 1842 1843 1844
f 1845 1848 1847 1846
f 1841 1845 1846 1842
f 1842 1846 1847 1843
f 1843 1847 1848 1844
f 1844 1848 1845 1841
g GalakasMidCity_CornerHouseTall_W06D06_F01_R01U01x2L01_A01_roof_back_tile_row_4
f 1849 1850 1851 1852
f 1853 1856 1855 1854
f 1849 1853 1854 1850
f 1850 1854 1855 1851
f 1851 1855 1856 1852
f 1852 1856 1853 1849
g GalakasMidCity_CornerHouseTall_W06D06_F01_R01U01x2L01_A01_roof_front_tile_row_5
f 1857 1858 1859 1860
f 1861 1864 1863 1862
f 1857 1861 1862 1858
f 1858 1862 1863 1859
f 1859 1863 1864 1860
f 1860 1864 1861 1857
g GalakasMidCity_CornerHouseTall_W06D06_F01_R01U01x2L01_A01_roof_back_tile_row_5
f 1865 1866 1867 1868
f 1869 1872 1871 1870
f 1865 1869 1870 1866
f 1866 1870 1871 1867
f 1867 1871 1872 1868
f 1868 1872 1869 1865
g GalakasMidCity_CornerHouseTall_W06D06_F01_R01U01x2L01_A01_roof_front_tile_row_6
f 1873 1874 1875 1876
f 1877 1880 1879 1878
f 1873 1877 1878 1874
f 1874 1878 1879 1875
f 1875 1879 1880 1876
f 1876 1880 1877 1873
g GalakasMidCity_CornerHouseTall_W06D06_F01_R01U01x2L01_A01_roof_back_tile_row_6
f 1881 1882 1883 1884
f 1885 1888 1887 1886
f 1881 1885 1886 1882
f 1882 1886 1887 1883
f 1883 1887 1888 1884
f 1884 1888 1885 1881
g GalakasMidCity_CornerHouseTall_W06D06_F01_R01U01x2L01_A01_roof_front_tile_row_7
f 1889 1890 1891 1892
f 1893 1896 1895 1894
f 1889 1893 1894 1890
f 1890 1894 1895 1891
f 1891 1895 1896 1892
f 1892 1896 1893 1889
g GalakasMidCity_CornerHouseTall_W06D06_F01_R01U01x2L01_A01_roof_back_tile_row_7
f 1897 1898 1899 1900
f 1901 1904 1903 1902
f 1897 1901 1902 1898
f 1898 1902 1903 1899
f 1899 1903 1904 1900
f 1900 1904 1901 1897
g GalakasMidCity_CornerHouseTall_W06D06_F01_R01U01x2L01_A01_roof_front_tile_row_8
f 1905 1906 1907 1908
f 1909 1912 1911 1910
f 1905 1909 1910 1906
f 1906 1910 1911 1907
f 1907 1911 1912 1908
f 1908 1912 1909 1905
g GalakasMidCity_CornerHouseTall_W06D06_F01_R01U01x2L01_A01_roof_back_tile_row_8
f 1913 1914 1915 1916
f 1917 1920 1919 1918
f 1913 1917 1918 1914
f 1914 1918 1919 1915
f 1915 1919 1920 1916
f 1916 1920 1917 1913
g GalakasMidCity_CornerHouseTall_W06D06_F01_R01U01x2L01_A01_roof_front_tile_row_9
f 1921 1922 1923 1924
f 1925 1928 1927 1926
f 1921 1925 1926 1922
f 1922 1926 1927 1923
f 1923 1927 1928 1924
f 1924 1928 1925 1921
g GalakasMidCity_CornerHouseTall_W06D06_F01_R01U01x2L01_A01_roof_back_tile_row_9
f 1929 1930 1931 1932
f 1933 1936 1935 1934
f 1929 1933 1934 1930
f 1930 1934 1935 1931
f 1931 1935 1936 1932
f 1932 1936 1933 1929
g GalakasMidCity_CornerHouseTall_W06D06_F01_R01U01x2L01_A01_roof_front_tile_row_10
f 1937 1938 1939 1940
f 1941 1944 1943 1942
f 1937 1941 1942 1938
f 1938 1942 1943 1939
f 1939 1943 1944 1940
f 1940 1944 1941 1937
g GalakasMidCity_CornerHouseTall_W06D06_F01_R01U01x2L01_A01_roof_back_tile_row_10
f 1945 1946 1947 1948
f 1949 1952 1951 1950
f 1945 1949 1950 1946
f 1946 1950 1951 1947
f 1947 1951 1952 1948
f 1948 1952 1949 1945
g GalakasMidCity_CornerHouseTall_W06D06_F01_R01U01x2L01_A01_roof_front_tile_row_11
f 1953 1954 1955 1956
f 1957 1960 1959 1958
f 1953 1957 1958 1954
f 1954 1958 1959 1955
f 1955 1959 1960 1956
f 1956 1960 1957 1953
g GalakasMidCity_CornerHouseTall_W06D06_F01_R01U01x2L01_A01_roof_back_tile_row_11
f 1961 1962 1963 1964
f 1965 1968 1967 1966
f 1961 1965 1966 1962
f 1962 1966 1967 1963
f 1963 1967 1968 1964
f 1964 1968 1965 1961
g GalakasMidCity_CornerHouseTall_W06D06_F01_R01U01x2L01_A01_roof_front_tile_row_12
f 1969 1970 1971 1972
f 1973 1976 1975 1974
f 1969 1973 1974 1970
f 1970 1974 1975 1971
f 1971 1975 1976 1972
f 1972 1976 1973 1969
g GalakasMidCity_CornerHouseTall_W06D06_F01_R01U01x2L01_A01_roof_back_tile_row_12
f 1977 1978 1979 1980
f 1981 1984 1983 1982
f 1977 1981 1982 1978
f 1978 1982 1983 1979
f 1979 1983 1984 1980
f 1980 1984 1981 1977
g GalakasMidCity_CornerHouseTall_W06D06_F01_R01U01x2L01_A01_roof_front_tile_row_13
f 1985 1986 1987 1988
f 1989 1992 1991 1990
f 1985 1989 1990 1986
f 1986 1990 1991 1987
f 1987 1991 1992 1988
f 1988 1992 1989 1985
g GalakasMidCity_CornerHouseTall_W06D06_F01_R01U01x2L01_A01_roof_back_tile_row_13
f 1993 1994 1995 1996
f 1997 2000 1999 1998
f 1993 1997 1998 1994
f 1994 1998 1999 1995
f 1995 1999 2000 1996
f 1996 2000 1997 1993
g GalakasMidCity_CornerHouseTall_W06D06_F01_R01U01x2L01_A01_roof_front_tile_row_14
f 2001 2002 2003 2004
f 2005 2008 2007 2006
f 2001 2005 2006 2002
f 2002 2006 2007 2003
f 2003 2007 2008 2004
f 2004 2008 2005 2001
g GalakasMidCity_CornerHouseTall_W06D06_F01_R01U01x2L01_A01_roof_back_tile_row_14
f 2009 2010 2011 2012
f 2013 2016 2015 2014
f 2009 2013 2014 2010
f 2010 2014 2015 2011
f 2011 2015 2016 2012
f 2012 2016 2013 2009
g GalakasMidCity_CornerHouseTall_W06D06_F01_R01U01x2L01_A01_roof_front_tile_row_15
f 2017 2018 2019 2020
f 2021 2024 2023 2022
f 2017 2021 2022 2018
f 2018 2022 2023 2019
f 2019 2023 2024 2020
f 2020 2024 2021 2017
g GalakasMidCity_CornerHouseTall_W06D06_F01_R01U01x2L01_A01_roof_back_tile_row_15
f 2025 2026 2027 2028
f 2029 2032 2031 2030
f 2025 2029 2030 2026
f 2026 2030 2031 2027
f 2027 2031 2032 2028
f 2028 2032 2029 2025
g GalakasMidCity_CornerHouseTall_W06D06_F01_R01U01x2L01_A01_roof_front_tile_row_16
f 2033 2034 2035 2036
f 2037 2040 2039 2038
f 2033 2037 2038 2034
f 2034 2038 2039 2035
f 2035 2039 2040 2036
f 2036 2040 2037 2033
g GalakasMidCity_CornerHouseTall_W06D06_F01_R01U01x2L01_A01_roof_back_tile_row_16
f 2041 2042 2043 2044
f 2045 2048 2047 2046
f 2041 2045 2046 2042
f 2042 2046 2047 2043
f 2043 2047 2048 2044
f 2044 2048 2045 2041
g GalakasMidCity_CornerHouseTall_W06D06_F01_R01U01x2L01_A01_roof_front_tile_row_17
f 2049 2050 2051 2052
f 2053 2056 2055 2054
f 2049 2053 2054 2050
f 2050 2054 2055 2051
f 2051 2055 2056 2052
f 2052 2056 2053 2049
g GalakasMidCity_CornerHouseTall_W06D06_F01_R01U01x2L01_A01_roof_back_tile_row_17
f 2057 2058 2059 2060
f 2061 2064 2063 2062
f 2057 2061 2062 2058
f 2058 2062 2063 2059
f 2059 2063 2064 2060
f 2060 2064 2061 2057
g GalakasMidCity_CornerHouseTall_W06D06_F01_R01U01x2L01_A01_roof_ridge_cap
f 2065 2067 2068 2066
f 2067 2069 2070 2068
f 2069 2071 2072 2070
f 2071 2073 2074 2072
f 2073 2075 2076 2074
f 2075 2077 2078 2076
f 2077 2079 2080 2078
f 2079 2081 2082 2080
f 2081 2083 2084 2082
f 2083 2085 2086 2084
f 2085 2087 2088 2086
f 2087 2089 2090 2088
f 2089 2091 2092 2090
f 2091 2093 2094 2092
f 2093 2095 2096 2094
f 2095 2065 2066 2096
g GalakasMidCity_CornerHouseTall_W06D06_F01_R01U01x2L01_A01_roof_ridge_cap_capA
f 2095 2093 2091 2089 2087 2085 2083 2081 2079 2077 2075 2073 2071 2069 2067 2065
g GalakasMidCity_CornerHouseTall_W06D06_F01_R01U01x2L01_A01_roof_ridge_cap_capB
f 2066 2068 2070 2072 2074 2076 2078 2080 2082 2084 2086 2088 2090 2092 2094 2096
g GalakasMidCity_CornerHouseTall_W06D06_F01_R01U01x2L01_A01_roof_front_eave
usemtl Mat_WoodDark
f 2097 2098 2099 2100
f 2101 2104 2103 2102
f 2097 2101 2102 2098
f 2098 2102 2103 2099
f 2099 2103 2104 2100
f 2100 2104 2101 2097
g GalakasMidCity_CornerHouseTall_W06D06_F01_R01U01x2L01_A01_roof_back_eave
f 2105 2106 2107 2108
f 2109 2112 2111 2110
f 2105 2109 2110 2106
f 2106 2110 2111 2107
f 2107 2111 2112 2108
f 2108 2112 2109 2105
g GalakasMidCity_CornerHouseTall_W06D06_F01_R01U01x2L01_A01_chimney_brick_brick_stack
usemtl Mat_SootyBrick
f 2113 2114 2115 2116
f 2117 2120 2119 2118
f 2113 2117 2118 2114
f 2114 2118 2119 2115
f 2115 2119 2120 2116
f 2116 2120 2117 2113
g GalakasMidCity_CornerHouseTall_W06D06_F01_R01U01x2L01_A01_chimney_brick_cap
usemtl Mat_StoneFoundation
f 2121 2122 2123 2124
f 2125 2128 2127 2126
f 2121 2125 2126 2122
f 2122 2126 2127 2123
f 2123 2127 2128 2124
f 2124 2128 2125 2121
g GalakasMidCity_CornerHouseTall_W06D06_F01_R01U01x2L01_A01_chimney_brick_flue
usemtl Mat_MetalDark
f 2129 2130 2131 2132
f 2133 2136 2135 2134
f 2129 2133 2134 2130
f 2130 2134 2135 2131
f 2131 2135 2136 2132
f 2132 2136 2133 2129
g GalakasMidCity_CornerHouseTall_W06D06_F01_R01U01x2L01_A01_chimney_metal_pipe
usemtl Mat_MetalRust
f 2137 2139 2140 2138
f 2139 2141 2142 2140
f 2141 2143 2144 2142
f 2143 2145 2146 2144
f 2145 2147 2148 2146
f 2147 2149 2150 2148
f 2149 2151 2152 2150
f 2151 2153 2154 2152
f 2153 2155 2156 2154
f 2155 2157 2158 2156
f 2157 2159 2160 2158
f 2159 2161 2162 2160
f 2161 2163 2164 2162
f 2163 2165 2166 2164
f 2165 2167 2168 2166
f 2167 2137 2138 2168
g GalakasMidCity_CornerHouseTall_W06D06_F01_R01U01x2L01_A01_chimney_metal_pipe_capA
f 2167 2165 2163 2161 2159 2157 2155 2153 2151 2149 2147 2145 2143 2141 2139 2137
g GalakasMidCity_CornerHouseTall_W06D06_F01_R01U01x2L01_A01_chimney_metal_pipe_capB
f 2138 2140 2142 2144 2146 2148 2150 2152 2154 2156 2158 2160 2162 2164 2166 2168
g GalakasMidCity_CornerHouseTall_W06D06_F01_R01U01x2L01_A01_chimney_metal_cap_cross
usemtl Mat_MetalDark
f 2169 2171 2172 2170
f 2171 2173 2174 2172
f 2173 2175 2176 2174
f 2175 2177 2178 2176
f 2177 2179 2180 2178
f 2179 2181 2182 2180
f 2181 2183 2184 2182
f 2183 2185 2186 2184
f 2185 2187 2188 2186
f 2187 2189 2190 2188
f 2189 2191 2192 2190
f 2191 2169 2170 2192
g GalakasMidCity_CornerHouseTall_W06D06_F01_R01U01x2L01_A01_chimney_metal_cap_cross_capA
f 2191 2189 2187 2185 2183 2181 2179 2177 2175 2173 2171 2169
g GalakasMidCity_CornerHouseTall_W06D06_F01_R01U01x2L01_A01_chimney_metal_cap_cross_capB
f 2170 2172 2174 2176 2178 2180 2182 2184 2186 2188 2190 2192
g GalakasMidCity_CornerHouseTall_W06D06_F01_R01U01x2L01_A01_sign_arm
usemtl Mat_WoodDark
f 2193 2195 2196 2194
f 2195 2197 2198 2196
f 2197 2199 2200 2198
f 2199 2201 2202 2200
f 2201 2203 2204 2202
f 2203 2205 2206 2204
f 2205 2207 2208 2206
f 2207 2209 2210 2208
f 2209 2211 2212 2210
f 2211 2193 2194 2212
g GalakasMidCity_CornerHouseTall_W06D06_F01_R01U01x2L01_A01_sign_arm_capA
f 2211 2209 2207 2205 2203 2201 2199 2197 2195 2193
g GalakasMidCity_CornerHouseTall_W06D06_F01_R01U01x2L01_A01_sign_arm_capB
f 2194 2196 2198 2200 2202 2204 2206 2208 2210 2212
g GalakasMidCity_CornerHouseTall_W06D06_F01_R01U01x2L01_A01_sign_board
usemtl Mat_WoodWeathered
f 2213 2214 2215 2216
f 2217 2220 2219 2218
f 2213 2217 2218 2214
f 2214 2218 2219 2215
f 2215 2219 2220 2216
f 2216 2220 2217 2213
g GalakasMidCity_CornerHouseTall_W06D06_F01_R01U01x2L01_A01_lamp_stem
usemtl Mat_MetalDark
f 2221 2223 2224 2222
f 2223 2225 2226 2224
f 2225 2227 2228 2226
f 2227 2229 2230 2228
f 2229 2231 2232 2230
f 2231 2233 2234 2232
f 2233 2235 2236 2234
f 2235 2237 2238 2236
f 2237 2239 2240 2238
f 2239 2241 2242 2240
f 2241 2243 2244 2242
f 2243 2221 2222 2244
g GalakasMidCity_CornerHouseTall_W06D06_F01_R01U01x2L01_A01_lamp_stem_capA
f 2243 2241 2239 2237 2235 2233 2231 2229 2227 2225 2223 2221
g GalakasMidCity_CornerHouseTall_W06D06_F01_R01U01x2L01_A01_lamp_stem_capB
f 2222 2224 2226 2228 2230 2232 2234 2236 2238 2240 2242 2244
g GalakasMidCity_CornerHouseTall_W06D06_F01_R01U01x2L01_A01_lamp_cage
f 2245 2246 2258 2257
f 2246 2247 2259 2258
f 2247 2248 2260 2259
f 2248 2249 2261 2260
f 2249 2250 2262 2261
f 2250 2251 2263 2262
f 2251 2252 2264 2263
f 2252 2253 2265 2264
f 2253 2254 2266 2265
f 2254 2255 2267 2266
f 2255 2256 2268 2267
f 2256 2245 2257 2268
f 2257 2258 2270 2269
f 2258 2259 2271 2270
f 2259 2260 2272 2271
f 2260 2261 2273 2272
f 2261 2262 2274 2273
f 2262 2263 2275 2274
f 2263 2264 2276 2275
f 2264 2265 2277 2276
f 2265 2266 2278 2277
f 2266 2267 2279 2278
f 2267 2268 2280 2279
f 2268 2257 2269 2280
f 2269 2270 2282 2281
f 2270 2271 2283 2282
f 2271 2272 2284 2283
f 2272 2273 2285 2284
f 2273 2274 2286 2285
f 2274 2275 2287 2286
f 2275 2276 2288 2287
f 2276 2277 2289 2288
f 2277 2278 2290 2289
f 2278 2279 2291 2290
f 2279 2280 2292 2291
f 2280 2269 2281 2292
f 2281 2282 2294 2293
f 2282 2283 2295 2294
f 2283 2284 2296 2295
f 2284 2285 2297 2296
f 2285 2286 2298 2297
f 2286 2287 2299 2298
f 2287 2288 2300 2299
f 2288 2289 2301 2300
f 2289 2290 2302 2301
f 2290 2291 2303 2302
f 2291 2292 2304 2303
f 2292 2281 2293 2304
f 2293 2294 2306 2305
f 2294 2295 2307 2306
f 2295 2296 2308 2307
f 2296 2297 2309 2308
f 2297 2298 2310 2309
f 2298 2299 2311 2310
f 2299 2300 2312 2311
f 2300 2301 2313 2312
f 2301 2302 2314 2313
f 2302 2303 2315 2314
f 2303 2304 2316 2315
f 2304 2293 2305 2316
